fixed acidity,volatile acidity,citric acid,residual sugar,chlorides,free sulfur dioxide,total sulfur dioxide,density,pH,sulphates,alcohol,quality
0.74,0.7,0,0.19,0.076,0.11,0.034,0.9978,0.351,0.56,0.94,5
0.78,0.88,0,0.26,0.098,0.25,0.067,0.9968,0.32,0.68,0.98,5
0.78,0.76,0.04,0.23,0.092,0.15,0.054,0.997,0.326,0.65,0.98,5
1.12,0.28,0.56,0.19,0.075,0.17,0.06,0.998,0.316,0.58,0.98,6
0.74,0.7,0,0.19,0.076,0.11,0.034,0.9978,0.351,0.56,0.94,5
0.74,0.66,0,0.18,0.075,0.13,0.04,0.9978,0.351,0.56,0.94,5
0.79,0.6,0.06,0.16,0.069,0.15,0.059,0.9964,0.33,0.46,0.94,5
0.73,0.65,0,0.12,0.065,0.15,0.021,0.9946,0.339,0.47,1,7
0.78,0.58,0.02,0.2,0.073,0.09,0.018,0.9968,0.336,0.57,0.95,7
0.75,0.5,0.36,0.61,0.071,0.17,0.102,0.9978,0.335,0.8,1.05,5
0.67,0.58,0.08,0.18,0.097,0.15,0.065,0.9959,0.328,0.54,0.92,5
0.75,0.5,0.36,0.61,0.071,0.17,0.102,0.9978,0.335,0.8,1.05,5
0.56,0.615,0,0.16,0.089,0.16,0.059,0.9943,0.358,0.52,0.99,5
0.78,0.61,0.29,0.16,0.114,0.09,0.029,0.9974,0.326,1.56,0.91,5
0.89,0.62,0.18,0.38,0.176,0.52,0.145,0.9986,0.316,0.88,0.92,5
0.89,0.62,0.19,0.39,0.17,0.51,0.148,0.9986,0.317,0.93,0.92,5
0.85,0.28,0.56,0.18,0.092,0.35,0.103,0.9969,0.33,0.75,1.05,7
0.81,0.56,0.28,0.17,0.368,0.16,0.056,0.9968,0.311,1.28,0.93,5
0.74,0.59,0.08,0.44,0.086,0.06,0.029,0.9974,0.338,0.5,0.9,4
0.79,0.32,0.51,0.18,0.341,0.17,0.056,0.9969,0.304,1.08,0.92,6
0.89,0.22,0.48,0.18,0.077,0.29,0.06,0.9968,0.339,0.53,0.94,6
0.76,0.39,0.31,0.23,0.082,0.23,0.071,0.9982,0.352,0.65,0.97,5
0.79,0.43,0.21,0.16,0.106,0.1,0.037,0.9966,0.317,0.91,0.95,5
0.85,0.49,0.11,0.23,0.084,0.09,0.067,0.9968,0.317,0.53,0.94,5
0.69,0.4,0.14,0.24,0.085,0.21,0.04,0.9968,0.343,0.63,0.97,6
0.63,0.39,0.16,0.14,0.08,0.11,0.023,0.9955,0.334,0.56,0.93,5
0.76,0.41,0.24,0.18,0.08,0.04,0.011,0.9962,0.328,0.59,0.95,5
0.79,0.43,0.21,0.16,0.106,0.1,0.037,0.9966,0.317,0.91,0.95,5
0.71,0.71,0,0.19,0.08,0.14,0.035,0.9972,0.347,0.55,0.94,5
0.78,0.645,0,0.2,0.082,0.08,0.016,0.9964,0.338,0.59,0.98,6
0.67,0.675,0.07,0.24,0.089,0.17,0.082,0.9958,0.335,0.54,1.01,5
0.69,0.685,0,0.25,0.105,0.22,0.037,0.9966,0.346,0.57,1.06,6
0.83,0.655,0.12,0.23,0.083,0.15,0.113,0.9966,0.317,0.66,0.98,5
0.69,0.605,0.12,1.07,0.073,0.4,0.083,0.9993,0.345,0.52,0.94,6
0.52,0.32,0.25,0.18,0.103,0.13,0.05,0.9957,0.338,0.55,0.92,5
0.78,0.645,0,0.55,0.086,0.05,0.018,0.9986,0.34,0.55,0.96,6
0.78,0.6,0.14,0.24,0.086,0.03,0.015,0.9975,0.342,0.6,1.08,6
0.81,0.38,0.28,0.21,0.066,0.13,0.03,0.9968,0.323,0.73,0.97,7
0.57,1.13,0.09,0.15,0.172,0.07,0.019,0.994,0.35,0.48,0.98,4
0.73,0.45,0.36,0.59,0.074,0.12,0.087,0.9978,0.333,0.83,1.05,5
0.73,0.45,0.36,0.59,0.074,0.12,0.087,0.9978,0.333,0.83,1.05,5
0.88,0.61,0.3,0.28,0.088,0.17,0.046,0.9976,0.326,0.51,0.93,4
0.75,0.49,0.2,0.26,0.332,0.08,0.014,0.9968,0.321,0.9,1.05,6
0.81,0.66,0.22,0.22,0.069,0.09,0.023,0.9968,0.33,1.2,1.03,5
0.68,0.67,0.02,0.18,0.05,0.05,0.011,0.9962,0.348,0.52,0.95,5
0.46,0.52,0.15,0.21,0.054,0.08,0.065,0.9934,0.39,0.56,1.31,4
0.77,0.935,0.43,0.22,0.114,0.22,0.114,0.997,0.325,0.73,0.92,5
0.87,0.29,0.52,0.16,0.113,0.12,0.037,0.9969,0.325,0.58,0.95,5
0.64,0.4,0.23,0.16,0.066,0.05,0.012,0.9958,0.334,0.56,0.92,5
0.56,0.31,0.37,0.14,0.074,0.12,0.096,0.9954,0.332,0.58,0.92,5
0.88,0.66,0.26,0.17,0.074,0.04,0.023,0.9971,0.315,0.74,0.92,5
0.66,0.52,0.04,0.22,0.069,0.08,0.015,0.9956,0.34,0.63,0.94,6
0.66,0.5,0.04,0.21,0.068,0.06,0.014,0.9955,0.339,0.64,0.94,6
0.86,0.38,0.36,0.3,0.081,0.3,0.119,0.997,0.32,0.56,0.94,5
0.76,0.51,0.15,0.28,0.11,0.33,0.073,0.9955,0.317,0.63,1.02,6
0.77,0.62,0.04,0.38,0.084,0.25,0.045,0.9978,0.334,0.53,0.95,5
1.02,0.42,0.57,0.34,0.07,0.04,0.01,0.9971,0.304,0.63,0.96,5
0.75,0.63,0.12,0.51,0.111,0.5,0.11,0.9983,0.326,0.77,0.94,5
0.78,0.59,0.18,0.23,0.076,0.17,0.054,0.9975,0.343,0.59,1,5
0.73,0.39,0.31,0.24,0.074,0.09,0.046,0.9962,0.341,0.54,0.94,6
0.88,0.4,0.4,0.22,0.079,0.19,0.052,0.998,0.344,0.64,0.92,5
0.77,0.69,0.49,0.18,0.115,0.2,0.112,0.9968,0.321,0.71,0.93,5
0.75,0.52,0.16,0.19,0.085,0.12,0.035,0.9968,0.338,0.62,0.95,7
0.7,0.735,0.05,0.2,0.081,0.13,0.054,0.9966,0.339,0.57,0.98,5
0.72,0.725,0.05,0.465,0.086,0.04,0.011,0.9962,0.341,0.39,1.09,5
0.72,0.725,0.05,0.465,0.086,0.04,0.011,0.9962,0.341,0.39,1.09,5
0.75,0.52,0.11,0.15,0.079,0.11,0.039,0.9968,0.342,0.58,0.96,5
0.66,0.705,0.07,0.16,0.076,0.06,0.015,0.9962,0.344,0.58,1.07,5
0.93,0.32,0.57,0.2,0.074,0.27,0.065,0.9969,0.328,0.79,1.07,5
0.8,0.705,0.05,0.19,0.074,0.08,0.019,0.9962,0.334,0.95,1.05,6
0.77,0.63,0.08,0.19,0.076,0.15,0.027,0.9967,0.332,0.54,0.95,6
0.77,0.67,0.23,0.21,0.088,0.17,0.096,0.9962,0.332,0.48,0.95,5
0.77,0.69,0.22,0.19,0.084,0.18,0.094,0.9961,0.331,0.48,0.95,5
0.83,0.675,0.26,0.21,0.084,0.11,0.043,0.9976,0.331,0.53,0.92,4
0.97,0.32,0.54,0.25,0.094,0.28,0.083,0.9984,0.328,0.82,0.96,5
0.88,0.41,0.64,0.22,0.093,0.09,0.042,0.9986,0.354,0.66,1.05,5
0.88,0.41,0.64,0.22,0.093,0.09,0.042,0.9986,0.354,0.66,1.05,5
0.68,0.785,0,0.24,0.104,0.14,0.03,0.9966,0.352,0.55,1.07,6
0.67,0.75,0.12,0.2,0.086,0.12,0.08,0.9958,0.338,0.52,1.01,5
0.83,0.625,0.2,0.15,0.08,0.27,0.119,0.9972,0.316,1.12,0.91,4
0.62,0.45,0.2,0.16,0.069,0.03,0.015,0.9958,0.341,0.56,0.92,5
0.78,0.43,0.7,0.19,0.464,0.22,0.067,0.9974,0.313,1.28,0.94,5
0.74,0.5,0.47,0.2,0.086,0.21,0.073,0.997,0.336,0.57,0.91,5
0.73,0.67,0.26,0.18,0.401,0.16,0.051,0.9969,0.316,1.14,0.94,5
0.63,0.3,0.48,0.18,0.069,0.18,0.061,0.9959,0.344,0.78,1.03,6
0.69,0.55,0.15,0.22,0.076,0.19,0.04,0.9961,0.341,0.59,1.01,5
0.86,0.49,0.28,0.19,0.11,0.2,0.136,0.9972,0.293,1.95,0.99,6
0.77,0.49,0.26,0.19,0.062,0.09,0.031,0.9966,0.339,0.64,0.96,5
0.93,0.39,0.44,0.21,0.107,0.34,0.125,0.9978,0.314,1.22,0.95,5
0.7,0.62,0.08,0.18,0.076,0.08,0.024,0.9978,0.348,0.53,0.9,5
0.79,0.52,0.26,0.19,0.079,0.42,0.14,0.9964,0.323,0.54,0.95,5
0.86,0.49,0.28,0.19,0.11,0.2,0.136,0.9972,0.293,1.95,0.99,6
0.86,0.49,0.29,0.2,0.11,0.19,0.133,0.9972,0.293,1.98,0.98,5
0.77,0.49,0.26,0.19,0.062,0.09,0.031,0.9966,0.339,0.64,0.96,5
0.5,1.02,0.04,0.14,0.045,0.41,0.085,0.9938,0.375,0.48,1.05,4
0.47,0.6,0.17,0.23,0.058,0.17,0.106,0.9932,0.385,0.6,1.29,6
0.68,0.775,0,0.3,0.102,0.08,0.023,0.9965,0.345,0.56,1.07,5
0.7,0.5,0.25,0.2,0.07,0.03,0.022,0.9963,0.325,0.63,0.92,5
0.76,0.9,0.06,0.25,0.079,0.05,0.01,0.9967,0.339,0.56,0.98,5
0.81,0.545,0.18,0.19,0.08,0.13,0.035,0.9972,0.33,0.59,0.9,6
0.83,0.61,0.3,0.21,0.084,0.11,0.05,0.9972,0.34,0.61,1.02,6
0.78,0.5,0.3,0.19,0.075,0.08,0.022,0.9959,0.331,0.56,1.04,6
0.81,0.545,0.18,0.19,0.08,0.13,0.035,0.9972,0.33,0.59,0.9,6
0.81,0.575,0.22,0.21,0.077,0.12,0.065,0.9967,0.329,0.51,0.92,5
0.72,0.49,0.24,0.22,0.07,0.05,0.036,0.996,0.333,0.48,0.94,5
0.81,0.575,0.22,0.21,0.077,0.12,0.065,0.9967,0.329,0.51,0.92,5
0.78,0.41,0.68,0.17,0.467,0.18,0.069,0.9973,0.308,1.31,0.93,5
0.62,0.63,0.31,0.17,0.088,0.15,0.064,0.9969,0.346,0.79,0.93,5
0.8,0.33,0.53,0.25,0.091,0.18,0.08,0.9976,0.337,0.8,0.96,6
0.81,0.785,0.52,0.2,0.122,0.37,0.153,0.9969,0.321,0.69,0.93,5
0.78,0.56,0.19,0.18,0.104,0.12,0.047,0.9964,0.319,0.93,0.95,5
0.84,0.62,0.09,0.22,0.084,0.11,0.108,0.9964,0.315,0.66,0.98,5
0.84,0.6,0.1,0.22,0.085,0.14,0.111,0.9964,0.315,0.66,0.98,5
1.01,0.31,0.44,0.23,0.08,0.22,0.046,0.9988,0.332,0.67,0.97,6
0.78,0.56,0.19,0.18,0.104,0.12,0.047,0.9964,0.319,0.93,0.95,5
0.94,0.4,0.31,0.22,0.09,0.13,0.062,0.9966,0.307,0.63,1.05,6
0.83,0.54,0.28,0.19,0.077,0.11,0.04,0.9978,0.339,0.61,1,6
0.78,0.56,0.12,0.2,0.082,0.07,0.028,0.997,0.337,0.5,0.94,6
0.88,0.55,0.04,0.22,0.119,0.14,0.056,0.9962,0.321,0.6,1.09,6
0.7,0.69,0.08,0.18,0.097,0.22,0.089,0.9959,0.334,0.54,0.92,6
0.73,1.07,0.09,0.17,0.178,0.1,0.089,0.9962,0.33,0.57,0.9,5
0.88,0.55,0.04,0.22,0.119,0.14,0.056,0.9962,0.321,0.6,1.09,6
0.73,0.695,0,0.25,0.075,0.03,0.013,0.998,0.349,0.52,0.92,5
0.8,0.71,0,0.26,0.08,0.11,0.034,0.9976,0.344,0.53,0.95,5
0.78,0.5,0.17,0.16,0.082,0.21,0.102,0.996,0.339,0.48,0.95,5
0.9,0.62,0.04,0.19,0.146,0.27,0.09,0.9984,0.316,0.7,0.94,5
0.82,1.33,0,0.17,0.081,0.03,0.012,0.9964,0.353,0.49,1.09,5
0.81,1.33,0,0.18,0.082,0.03,0.012,0.9964,0.354,0.48,1.09,5
0.8,0.59,0.16,0.18,0.065,0.03,0.016,0.9962,0.342,0.92,1.05,7
0.61,0.38,0.15,0.18,0.072,0.06,0.019,0.9955,0.342,0.57,0.94,5
0.8,0.745,0.56,0.2,0.118,0.3,0.134,0.9968,0.324,0.66,0.94,5
0.56,0.5,0.09,0.23,0.049,0.17,0.099,0.9937,0.363,0.63,1.3,5
0.56,0.5,0.09,0.23,0.049,0.17,0.099,0.9937,0.363,0.63,1.3,5
0.66,0.5,0.01,0.15,0.06,0.17,0.026,0.9952,0.34,0.58,0.98,6
0.79,1.04,0.05,0.22,0.084,0.13,0.029,0.9959,0.322,0.55,0.99,6
0.84,0.745,0.11,0.19,0.09,0.16,0.063,0.9965,0.319,0.82,0.96,5
0.83,0.715,0.15,0.18,0.089,0.1,0.052,0.9968,0.323,0.77,0.95,5
0.72,0.415,0.36,0.2,0.081,0.13,0.045,0.9972,0.348,0.64,0.92,5
0.78,0.56,0.19,0.21,0.081,0.15,0.105,0.9962,0.333,0.54,0.95,5
0.78,0.56,0.19,0.2,0.081,0.17,0.108,0.9962,0.332,0.54,0.95,5
0.84,0.745,0.11,0.19,0.09,0.16,0.063,0.9965,0.319,0.82,0.96,5
0.83,0.715,0.15,0.18,0.089,0.1,0.052,0.9968,0.323,0.77,0.95,5
0.52,0.34,0,0.18,0.05,0.27,0.063,0.9916,0.368,0.79,1.4,6
0.63,0.39,0.08,0.17,0.066,0.03,0.02,0.9954,0.334,0.58,0.94,5
0.52,0.34,0,0.18,0.05,0.27,0.063,0.9916,0.368,0.79,1.4,6
0.81,0.67,0.55,0.18,0.117,0.32,0.141,0.9968,0.317,0.62,0.94,5
0.58,0.68,0.02,0.18,0.087,0.21,0.094,0.9944,0.354,0.52,1,5
0.76,0.49,0.26,0.16,0.236,0.1,0.088,0.9968,0.311,0.8,0.93,5
0.69,0.49,0.1,0.23,0.074,0.12,0.03,0.9959,0.342,0.58,1.02,6
0.82,0.4,0.44,0.28,0.089,0.11,0.043,0.9975,0.353,0.61,1.05,6
0.73,0.33,0.47,0.21,0.077,0.05,0.011,0.9958,0.333,0.53,1.03,6
0.92,0.52,1,0.34,0.61,0.32,0.069,0.9996,0.274,2,0.94,4
0.75,0.6,0.03,0.18,0.095,0.25,0.099,0.995,0.335,0.54,1.01,5
0.75,0.6,0.03,0.18,0.095,0.25,0.099,0.995,0.335,0.54,1.01,5
0.71,0.43,0.42,0.55,0.07,0.29,0.129,0.9973,0.342,0.72,1.05,5
0.71,0.43,0.42,0.55,0.071,0.28,0.128,0.9973,0.342,0.71,1.05,5
0.71,0.43,0.42,0.55,0.07,0.29,0.129,0.9973,0.342,0.72,1.05,5
0.71,0.43,0.42,0.55,0.071,0.28,0.128,0.9973,0.342,0.71,1.05,5
0.71,0.68,0,0.22,0.073,0.12,0.022,0.9969,0.348,0.5,0.93,5
0.68,0.6,0.18,0.19,0.079,0.18,0.086,0.9968,0.359,0.57,0.93,6
0.76,0.95,0.03,0.2,0.09,0.07,0.02,0.9959,0.32,0.56,0.96,5
0.76,0.68,0.02,0.13,0.072,0.09,0.02,0.9965,0.317,1.08,0.92,4
0.78,0.53,0.04,0.17,0.076,0.17,0.031,0.9964,0.333,0.56,1,6
0.74,0.6,0.26,0.73,0.07,0.36,0.121,0.9982,0.337,0.49,0.94,5
0.73,0.59,0.26,0.72,0.07,0.35,0.121,0.9981,0.337,0.49,0.94,5
0.78,0.63,0.48,0.17,0.1,0.14,0.096,0.9961,0.319,0.62,0.95,5
0.68,0.64,0.1,0.21,0.085,0.18,0.101,0.9956,0.334,0.52,1.02,5
0.73,0.55,0.03,0.16,0.072,0.17,0.042,0.9956,0.337,0.48,0.9,4
0.68,0.63,0.07,0.21,0.089,0.11,0.044,0.9953,0.347,0.55,1.04,6
0.75,0.705,0.24,0.18,0.36,0.15,0.063,0.9964,0.3,1.59,0.95,5
0.79,0.885,0.03,0.18,0.058,0.04,0.008,0.9972,0.336,0.33,0.91,4
0.8,0.42,0.17,0.2,0.073,0.06,0.018,0.9972,0.329,0.61,0.92,6
0.8,0.42,0.17,0.2,0.073,0.06,0.018,0.9972,0.329,0.61,0.92,6
0.74,0.62,0.05,0.19,0.068,0.24,0.042,0.9961,0.342,0.57,1.15,6
0.73,0.38,0.21,0.2,0.08,0.07,0.035,0.9961,0.333,0.47,0.95,5
0.69,0.5,0.04,0.15,0.085,0.19,0.049,0.9958,0.335,0.78,0.95,5
0.73,0.38,0.21,0.2,0.08,0.07,0.035,0.9961,0.333,0.47,0.95,5
0.75,0.52,0.42,0.23,0.087,0.08,0.038,0.9972,0.358,0.61,1.05,6
0.7,0.805,0,0.25,0.068,0.07,0.02,0.9969,0.348,0.56,0.96,5
0.88,0.61,0.14,0.24,0.067,0.1,0.042,0.9969,0.319,0.59,0.95,5
0.88,0.61,0.14,0.24,0.067,0.1,0.042,0.9969,0.319,0.59,0.95,5
0.89,0.61,0.49,0.2,0.27,0.23,0.11,0.9972,0.312,1.02,0.93,5
0.72,0.73,0.02,0.25,0.076,0.16,0.042,0.9972,0.344,0.52,0.93,5
0.68,0.61,0.2,0.18,0.077,0.11,0.065,0.9971,0.354,0.58,0.93,5
0.67,0.62,0.21,0.19,0.079,0.08,0.062,0.997,0.352,0.58,0.93,6
0.89,0.31,0.57,0.2,0.111,0.26,0.085,0.9971,0.326,0.53,0.97,5
0.74,0.39,0.48,0.2,0.082,0.14,0.067,0.9972,0.334,0.55,0.92,5
0.77,0.705,0.1,0.26,0.084,0.09,0.026,0.9976,0.339,0.49,0.97,5
0.79,0.5,0.33,0.2,0.084,0.15,0.143,0.9968,0.32,0.55,0.95,5
0.79,0.49,0.32,0.19,0.082,0.17,0.144,0.9968,0.32,0.55,0.95,5
0.82,0.5,0.35,0.29,0.077,0.21,0.127,0.9976,0.323,0.62,0.94,5
0.64,0.37,0.25,0.19,0.074,0.21,0.049,0.9974,0.357,0.62,0.98,6
0.68,0.63,0.12,0.38,0.099,0.16,0.126,0.9969,0.328,0.61,0.95,5
0.76,0.55,0.21,0.22,0.071,0.07,0.028,0.9964,0.328,0.55,0.97,5
0.76,0.55,0.21,0.22,0.071,0.07,0.028,0.9964,0.328,0.55,0.97,5
0.78,0.59,0.33,0.2,0.074,0.24,0.12,0.9968,0.325,0.54,0.94,5
0.73,0.58,0.3,0.24,0.074,0.15,0.055,0.9968,0.346,0.59,1.02,5
1.15,0.3,0.6,0.2,0.067,0.12,0.027,0.9981,0.311,0.97,1.01,6
0.54,0.835,0.08,0.12,0.046,0.13,0.093,0.9924,0.357,0.85,1.3,7
0.69,1.09,0.06,0.21,0.061,0.12,0.031,0.9948,0.351,0.43,1.14,4
0.96,0.32,0.47,0.14,0.056,0.09,0.024,0.99695,0.322,0.82,1.03,7
0.88,0.37,0.48,0.21,0.097,0.39,0.145,0.9975,0.304,1.03,0.93,5
0.68,0.5,0.11,0.15,0.075,0.16,0.049,0.99545,0.336,0.79,0.95,5
0.7,0.42,0.35,0.16,0.088,0.16,0.039,0.9961,0.334,0.55,0.92,5
0.7,0.43,0.36,0.16,0.089,0.14,0.037,0.99615,0.334,0.56,0.92,6
1.28,0.3,0.74,0.26,0.095,0.09,0.028,0.9994,0.32,0.77,1.08,7
1.28,0.3,0.74,0.26,0.095,0.09,0.028,0.9994,0.32,0.77,1.08,7
0.78,0.57,0.31,0.18,0.069,0.26,0.12,0.99625,0.329,0.53,0.93,5
0.78,0.44,0.28,0.27,0.1,0.18,0.095,0.9966,0.322,0.67,0.94,5
1.1,0.3,0.58,0.21,0.054,0.07,0.019,0.998,0.331,0.88,1.05,7
0.97,0.53,0.6,0.2,0.039,0.05,0.019,0.99585,0.33,0.86,1.24,6
0.8,0.725,0.24,0.28,0.083,0.1,0.062,0.99685,0.335,0.56,1,6
1.16,0.44,0.64,0.21,0.059,0.05,0.015,0.998,0.321,0.67,1.02,6
0.82,0.57,0.26,0.22,0.06,0.28,0.065,0.9959,0.33,0.43,1.01,5
0.78,0.735,0.08,0.24,0.092,0.1,0.041,0.9974,0.324,0.71,0.98,6
0.7,0.49,0.49,0.56,0.06,0.26,0.121,0.9974,0.334,0.76,1.05,5
0.87,0.625,0.16,0.2,0.101,0.13,0.049,0.9962,0.314,0.57,1.1,5
0.81,0.725,0.22,0.22,0.072,0.11,0.041,0.9967,0.336,0.55,0.91,5
0.75,0.49,0.19,0.19,0.076,0.1,0.044,0.9957,0.339,0.54,0.97,5
0.78,0.53,0.33,0.24,0.08,0.24,0.144,0.99655,0.33,0.6,0.95,5
0.78,0.34,0.37,0.2,0.082,0.24,0.058,0.9964,0.334,0.59,0.94,6
0.74,0.53,0.26,0.2,0.101,0.16,0.072,0.9957,0.315,0.57,0.94,5
0.68,0.61,0.04,0.15,0.057,0.05,0.01,0.99525,0.342,0.6,0.95,5
0.86,0.645,0.25,0.2,0.083,0.08,0.028,0.99815,0.328,0.6,1,6
0.84,0.635,0.36,0.2,0.089,0.15,0.055,0.99745,0.331,0.57,1.04,4
0.77,0.43,0.25,0.26,0.073,0.29,0.063,0.99615,0.337,0.58,1.05,6
0.89,0.59,0.5,0.2,0.337,0.27,0.081,0.9964,0.304,1.61,0.95,6
0.9,0.82,0.14,0.26,0.089,0.09,0.023,0.9984,0.339,0.63,0.98,5
0.77,0.43,0.25,0.26,0.073,0.29,0.063,0.99615,0.337,0.58,1.05,6
0.69,0.52,0.25,0.26,0.081,0.1,0.037,0.99685,0.346,0.5,1.1,5
0.52,0.48,0.04,0.16,0.054,0.19,0.106,0.9927,0.354,0.62,1.22,7
0.8,0.38,0.06,0.18,0.078,0.12,0.049,0.99625,0.337,0.52,0.99,6
0.85,0.37,0.2,0.28,0.09,0.18,0.058,0.998,0.334,0.7,0.96,6
0.69,0.52,0.25,0.26,0.081,0.1,0.037,0.99685,0.346,0.5,1.1,5
0.82,1,0.09,0.23,0.065,0.07,0.037,0.99685,0.332,0.55,0.9,6
0.72,0.63,0,0.19,0.097,0.14,0.038,0.99675,0.337,0.58,0.9,6
0.72,0.63,0,0.19,0.097,0.14,0.038,0.99675,0.337,0.58,0.9,6
0.72,0.645,0,0.19,0.097,0.15,0.039,0.99675,0.337,0.58,0.92,6
0.72,0.63,0,0.19,0.097,0.14,0.038,0.99675,0.337,0.58,0.9,6
0.82,1,0.09,0.23,0.065,0.07,0.037,0.99685,0.332,0.55,0.9,6
0.89,0.635,0.37,0.17,0.263,0.05,0.062,0.9971,0.3,1.09,0.93,5
1.2,0.38,0.56,0.21,0.093,0.06,0.024,0.99925,0.314,0.71,1.09,6
0.77,0.58,0.1,0.18,0.102,0.28,0.109,0.99565,0.308,0.49,0.98,6
1.5,0.21,0.44,0.22,0.075,0.1,0.024,1.00005,0.307,0.84,0.92,7
1.5,0.21,0.44,0.22,0.075,0.1,0.024,1.00005,0.307,0.84,0.92,7
0.73,0.66,0,0.2,0.084,0.06,0.023,0.9983,0.361,0.96,0.99,6
0.71,0.68,0.07,0.19,0.075,0.16,0.051,0.99685,0.338,0.52,0.95,5
0.82,0.6,0.17,0.23,0.072,0.11,0.073,0.9963,0.32,0.45,0.93,5
0.77,0.53,0.06,0.17,0.074,0.09,0.039,0.99615,0.335,0.48,0.98,6
0.73,0.66,0,0.2,0.084,0.06,0.023,0.9983,0.361,0.96,0.99,6
1.08,0.32,0.44,0.16,0.063,0.16,0.037,0.9985,0.322,0.78,1,6
0.71,0.6,0,0.18,0.074,0.16,0.034,0.9972,0.347,0.7,0.99,6
1.11,0.35,0.48,0.31,0.09,0.05,0.021,0.9986,0.317,0.53,1.05,5
0.77,0.775,0.42,0.19,0.092,0.08,0.086,0.9959,0.323,0.59,0.95,5
0.71,0.6,0,0.18,0.074,0.16,0.034,0.9972,0.347,0.7,0.99,6
0.8,0.57,0.23,0.32,0.073,0.17,0.119,0.99675,0.326,0.57,0.93,5
0.94,0.34,0.37,0.22,0.075,0.05,0.013,0.998,0.322,0.62,0.92,5
0.66,0.695,0,0.21,0.075,0.12,0.056,0.9968,0.349,0.67,0.92,5
0.77,0.41,0.76,0.18,0.611,0.08,0.045,0.9968,0.306,1.26,0.94,5
1,0.31,0.47,0.26,0.085,0.14,0.033,0.99965,0.336,0.8,1.05,7
0.79,0.33,0.23,0.17,0.077,0.18,0.045,0.99625,0.329,0.65,0.93,5
0.7,0.975,0.04,0.2,0.087,0.12,0.067,0.99565,0.335,0.6,0.94,4
0.8,0.52,0.03,0.17,0.07,0.1,0.035,0.99575,0.334,0.57,1,5
0.79,0.37,0.23,0.18,0.077,0.23,0.049,0.9963,0.328,0.67,0.93,5
1.25,0.56,0.49,0.24,0.064,0.05,0.027,0.9999,0.308,0.87,1.09,5
1.18,0.26,0.52,0.18,0.071,0.06,0.01,0.9968,0.32,0.72,1.02,7
0.81,0.87,0,0.33,0.096,0.26,0.061,1.00025,0.36,0.72,0.98,4
0.79,0.35,0.46,0.36,0.078,0.15,0.037,0.9973,0.335,0.86,1.28,8
0.69,0.54,0.04,0.3,0.077,0.07,0.027,0.9987,0.369,0.91,0.94,6
1.15,0.18,0.51,0.4,0.104,0.04,0.023,0.9996,0.328,0.97,1.01,6
0.79,0.545,0.06,0.4,0.087,0.27,0.061,0.9965,0.336,0.67,1.07,6
1.15,0.18,0.51,0.4,0.104,0.04,0.023,0.9996,0.328,0.97,1.01,6
1.09,0.37,0.58,0.4,0.071,0.17,0.065,0.99935,0.322,0.78,1.01,5
0.84,0.715,0.2,0.24,0.076,0.1,0.038,0.99735,0.331,0.64,0.94,5
0.75,0.65,0.18,0.7,0.088,0.27,0.094,0.99915,0.338,0.77,0.94,5
0.79,0.545,0.06,0.4,0.087,0.27,0.061,0.9965,0.336,0.67,1.07,6
0.69,0.54,0.04,0.3,0.077,0.07,0.027,0.9987,0.369,0.91,0.94,6
1.15,0.18,0.51,0.4,0.104,0.04,0.023,0.9996,0.328,0.97,1.01,6
1.03,0.32,0.45,0.64,0.073,0.05,0.013,0.9976,0.323,0.82,1.26,8
0.89,0.4,0.32,0.56,0.087,0.1,0.047,0.9991,0.338,0.77,1.05,7
1.14,0.26,0.44,0.36,0.071,0.06,0.019,0.9986,0.312,0.82,0.93,6
0.77,0.27,0.68,0.35,0.358,0.05,0.01,0.9972,0.325,1.08,0.99,7
0.76,0.52,0.12,0.3,0.067,0.12,0.053,0.9971,0.336,0.57,0.91,5
0.89,0.4,0.32,0.56,0.087,0.1,0.047,0.9991,0.338,0.77,1.05,7
0.99,0.59,0.07,0.34,0.102,0.32,0.071,1.00015,0.331,0.71,0.98,5
0.99,0.59,0.07,0.34,0.102,0.32,0.071,1.00015,0.331,0.71,0.98,5
1.2,0.45,0.55,0.2,0.073,0.25,0.049,0.9997,0.31,0.76,1.03,6
0.75,0.4,0.12,0.3,0.092,0.29,0.053,0.9967,0.337,0.7,1.03,6
0.87,0.52,0.09,0.25,0.091,0.2,0.049,0.9976,0.334,0.86,1.06,7
1.16,0.42,0.53,0.33,0.105,0.33,0.098,1.001,0.32,0.95,0.92,5
0.87,0.52,0.09,0.25,0.091,0.2,0.049,0.9976,0.334,0.86,1.06,7
1.1,0.2,0.48,0.2,0.343,0.06,0.018,0.9979,0.33,0.71,1.05,5
1.04,0.55,0.23,0.27,0.091,0.18,0.048,0.9994,0.322,0.64,1.03,6
0.69,0.36,0.25,0.24,0.098,0.05,0.016,0.9964,0.341,0.6,1.01,6
1.33,0.34,0.52,0.32,0.094,0.17,0.053,1.0014,0.305,0.81,0.95,6
1.08,0.5,0.46,0.25,0.073,0.05,0.027,1.0001,0.305,0.64,0.95,5
1.06,0.83,0.37,0.26,0.086,0.26,0.07,0.9981,0.316,0.52,0.99,5
0.71,0.63,0.06,0.2,0.083,0.08,0.029,0.99855,0.367,0.73,0.96,5
0.72,0.65,0.02,0.23,0.094,0.05,0.031,0.9993,0.367,0.8,0.97,5
0.69,0.67,0.06,0.21,0.08,0.08,0.033,0.99845,0.368,0.71,0.96,5
0.75,0.53,0.06,0.26,0.086,0.2,0.044,0.9965,0.338,0.59,1.07,6
1.11,0.18,0.48,0.15,0.068,0.07,0.015,0.9973,0.322,0.64,1.01,6
0.83,0.705,0.12,0.26,0.092,0.12,0.028,0.9994,0.351,0.72,1,5
0.74,0.67,0.12,0.16,0.186,0.05,0.021,0.996,0.339,0.54,0.95,5
0.84,0.65,0.6,0.21,0.112,0.12,0.09,0.9973,0.32,0.52,0.92,5
1.03,0.53,0.48,0.25,0.063,0.06,0.025,0.9998,0.312,0.59,0.93,6
0.76,0.62,0.32,0.22,0.082,0.07,0.054,0.9966,0.336,0.52,0.94,5
1.03,0.41,0.42,0.24,0.213,0.06,0.014,0.9994,0.319,0.62,0.95,6
1.03,0.43,0.44,0.24,0.214,0.05,0.012,0.9994,0.319,0.63,0.95,6
0.74,0.29,0.38,0.17,0.062,0.09,0.03,0.9968,0.341,0.53,0.95,6
1.03,0.53,0.48,0.25,0.063,0.06,0.025,0.9998,0.312,0.59,0.93,6
0.79,0.53,0.24,0.2,0.072,0.15,0.105,0.996,0.327,0.54,0.94,6
0.9,0.46,0.31,0.28,0.093,0.19,0.098,0.99815,0.332,0.63,0.95,6
0.86,0.47,0.3,0.3,0.076,0.3,0.135,0.9976,0.33,0.53,0.94,5
0.74,0.36,0.29,0.26,0.087,0.26,0.072,0.99645,0.339,0.68,1.1,5
0.71,0.35,0.29,0.25,0.096,0.2,0.053,0.9962,0.342,0.65,1.1,6
0.96,0.56,0.23,0.34,0.102,0.37,0.092,0.9996,0.33,0.65,1.01,5
0.96,0.77,0.12,0.29,0.082,0.3,0.074,0.99865,0.33,0.64,1.04,6
0.98,0.66,0.39,0.32,0.083,0.21,0.059,0.9989,0.337,0.71,1.15,7
0.96,0.77,0.12,0.29,0.082,0.3,0.074,0.99865,0.33,0.64,1.04,6
0.98,0.66,0.39,0.32,0.083,0.21,0.059,0.9989,0.337,0.71,1.15,7
0.93,0.61,0.26,0.34,0.09,0.25,0.087,0.99975,0.324,0.62,0.97,5
0.78,0.62,0.05,0.23,0.079,0.06,0.018,0.99735,0.329,0.63,0.93,5
1.03,0.59,0.42,0.28,0.09,0.35,0.073,0.999,0.328,0.7,0.95,6
1,0.49,0.2,1.1,0.071,0.13,0.05,1.0015,0.316,0.69,0.92,6
1,0.49,0.2,1.1,0.071,0.13,0.05,1.0015,0.316,0.69,0.92,6
1.16,0.53,0.66,0.365,0.121,0.06,0.014,0.9978,0.305,0.74,1.15,7
1.03,0.44,0.5,0.45,0.107,0.05,0.013,0.998,0.328,0.83,1.15,5
1.34,0.27,0.62,0.26,0.082,0.06,0.021,1.0002,0.316,0.67,0.97,6
1.07,0.46,0.39,0.2,0.061,0.07,0.015,0.9981,0.318,0.62,0.95,5
1.02,0.36,0.64,0.29,0.122,0.1,0.041,0.998,0.323,0.66,1.25,6
1.02,0.36,0.64,0.29,0.122,0.1,0.041,0.998,0.323,0.66,1.25,6
0.8,0.58,0.28,0.32,0.066,0.21,0.114,0.9973,0.322,0.54,0.94,6
0.84,0.56,0.08,0.21,0.105,0.16,0.044,0.9958,0.313,0.52,1.1,5
0.79,0.65,0.01,0.25,0.078,0.17,0.038,0.9963,0.334,0.74,1.17,7
1.19,0.695,0.53,0.34,0.128,0.07,0.021,0.9992,0.317,0.84,1.22,7
0.89,0.43,0.45,0.19,0.052,0.06,0.016,0.9948,0.335,0.7,1.25,6
0.78,0.43,0.32,0.28,0.08,0.29,0.058,0.9974,0.331,0.64,1.03,5
1.24,0.49,0.58,0.3,0.103,0.28,0.099,1.0008,0.316,1,1.15,6
1.25,0.28,0.54,0.23,0.082,0.12,0.029,0.9997,0.311,1.36,0.98,7
1.22,0.34,0.5,0.24,0.066,0.1,0.021,1,0.312,1.18,0.92,6
1.06,0.42,0.48,0.27,0.065,0.05,0.018,0.9972,0.321,0.87,1.13,6
1.09,0.39,0.47,0.18,0.118,0.06,0.014,0.9982,0.33,0.75,0.98,6
1.09,0.39,0.47,0.18,0.118,0.06,0.014,0.9982,0.33,0.75,0.98,6
1.19,0.57,0.5,0.26,0.082,0.06,0.032,1.0006,0.312,0.78,1.07,6
0.7,0.685,0,0.19,0.067,0.4,0.063,0.9979,0.36,0.81,0.99,5
0.66,0.815,0.02,0.27,0.072,0.17,0.034,0.9955,0.358,0.89,1.23,7
1.38,0.49,0.67,0.3,0.093,0.06,0.015,0.9986,0.302,0.93,1.2,6
0.96,0.56,0.31,0.28,0.089,0.15,0.046,0.9979,0.311,0.92,1,6
0.91,0.785,0,0.26,0.093,0.11,0.028,0.9994,0.336,0.86,0.94,6
1.07,0.67,0.22,0.27,0.107,0.17,0.034,1.0004,0.328,0.98,0.99,6
0.91,0.795,0,0.26,0.096,0.11,0.026,0.9994,0.335,0.83,0.94,6
0.77,0.665,0,0.24,0.09,0.08,0.019,0.9974,0.327,0.73,0.93,5
1.35,0.53,0.79,0.48,0.12,0.23,0.077,1.0018,0.318,0.77,1.3,5
0.61,0.21,0.4,0.14,0.066,0.405,0.165,0.9912,0.325,0.59,1.19,6
0.67,0.75,0.01,0.24,0.078,0.17,0.032,0.9955,0.355,0.61,1.28,6
1.15,0.41,0.52,0.3,0.08,0.29,0.055,1.0001,0.326,0.88,1.1,5
1.05,0.42,0.66,0.295,0.116,0.12,0.029,0.997,0.324,0.75,1.17,7
1.19,0.43,0.66,0.31,0.109,0.1,0.023,1,0.315,0.85,1.04,7
1.26,0.38,0.66,0.26,0.088,0.1,0.041,1.001,0.317,0.68,0.98,6
0.82,0.7,0.23,0.2,0.099,0.14,0.081,0.9973,0.319,0.7,0.94,5
0.86,0.45,0.31,0.26,0.086,0.21,0.05,0.9982,0.337,0.91,0.99,6
1.19,0.58,0.66,0.25,0.072,0.06,0.037,0.9992,0.305,0.56,1,5
1.25,0.46,0.63,0.2,0.071,0.06,0.015,0.9988,0.299,0.87,1.02,5
1.28,0.615,0.66,0.58,0.083,0.07,0.042,1.0022,0.307,0.73,1,7
1,0.42,0.5,0.34,0.107,0.07,0.021,0.9979,0.326,0.93,1.18,6
1.28,0.615,0.66,0.58,0.083,0.07,0.042,1.0022,0.307,0.73,1,7
1.04,0.575,0.61,0.26,0.076,0.11,0.024,1,0.316,0.69,0.9,5
1.03,0.34,0.52,0.28,0.159,0.15,0.075,0.9998,0.318,0.64,0.94,5
0.94,0.27,0.53,0.24,0.074,0.06,0.018,0.9962,0.32,1.13,1.2,7
0.69,0.765,0.02,0.23,0.063,0.35,0.063,0.9975,0.357,0.78,0.99,5
0.79,0.24,0.4,0.16,0.056,0.11,0.025,0.9967,0.332,0.87,0.87,6
0.91,0.28,0.48,0.18,0.067,0.26,0.046,0.9967,0.332,1.04,1.06,6
0.74,0.55,0.22,0.22,0.106,0.12,0.072,0.9959,0.305,0.63,0.92,5
1.4,0.41,0.63,0.38,0.089,0.06,0.047,1.0014,0.301,0.81,1.08,6
1.15,0.54,0.71,0.44,0.124,0.06,0.015,0.9984,0.301,0.83,1.18,7
1.15,0.45,0.5,0.3,0.078,0.19,0.047,1.0003,0.326,1.11,1.1,6
0.94,0.27,0.53,0.24,0.074,0.06,0.018,0.9962,0.32,1.13,1.2,7
1.14,0.625,0.66,0.62,0.088,0.06,0.024,0.9988,0.311,0.99,1.33,6
0.83,0.42,0.38,0.25,0.094,0.24,0.06,0.9979,0.331,0.7,1.08,6
0.83,0.26,0.42,0.2,0.08,0.11,0.027,0.9974,0.321,0.8,0.94,6
1.37,0.415,0.68,0.29,0.085,0.17,0.043,1.0014,0.306,0.8,1,6
0.83,0.26,0.42,0.2,0.08,0.11,0.027,0.9974,0.321,0.8,0.94,6
0.83,0.26,0.42,0.2,0.08,0.11,0.027,0.9974,0.321,0.8,0.94,6
0.77,0.51,0.28,0.21,0.087,0.23,0.054,0.998,0.342,0.74,0.92,5
0.74,0.63,0.07,0.24,0.09,0.11,0.037,0.9979,0.343,0.76,0.97,6
0.78,0.54,0.26,0.2,0.088,0.23,0.048,0.9981,0.341,0.74,0.92,6
0.83,0.66,0.15,0.19,0.079,0.17,0.042,0.9972,0.331,0.54,0.96,6
0.78,0.46,0.26,0.19,0.088,0.23,0.053,0.9981,0.343,0.74,0.92,6
0.96,0.38,0.31,0.25,0.096,0.16,0.049,0.9982,0.319,0.7,1,7
0.56,0.85,0.05,0.14,0.045,0.12,0.088,0.9924,0.356,0.82,1.29,8
1.37,0.415,0.68,0.29,0.085,0.17,0.043,1.0014,0.306,0.8,1,6
0.95,0.37,0.52,0.2,0.082,0.06,0.026,0.998,0.318,0.51,0.95,5
0.84,0.665,0.61,0.2,0.112,0.13,0.095,0.997,0.316,0.54,0.91,5
1.27,0.6,0.65,0.23,0.063,0.06,0.025,0.9997,0.303,0.57,0.99,5
1.2,0.37,0.76,0.42,0.066,0.07,0.038,1.0004,0.322,0.6,1.3,7
0.66,0.735,0.02,0.79,0.122,0.68,0.124,0.9994,0.347,0.53,0.99,5
1.15,0.59,0.59,0.26,0.087,0.13,0.049,0.9988,0.318,0.65,1.1,6
1.15,0.59,0.59,0.26,0.087,0.13,0.049,0.9988,0.318,0.65,1.1,6
0.87,0.765,0.22,0.23,0.064,0.09,0.042,0.9963,0.31,0.55,0.94,5
0.66,0.735,0.02,0.79,0.122,0.68,0.124,0.9994,0.347,0.53,0.99,5
0.77,0.26,0.3,0.17,0.059,0.2,0.038,0.9949,0.329,0.47,1.08,6
1.22,0.48,0.54,0.26,0.085,0.19,0.064,1,0.31,0.61,1.05,6
1.14,0.6,0.49,0.27,0.085,0.1,0.041,0.9994,0.315,0.63,1.05,6
0.77,0.69,0.05,0.27,0.075,0.15,0.027,0.9974,0.326,0.61,0.91,5
0.87,0.31,0.46,0.14,0.059,0.11,0.025,0.9966,0.336,0.76,1.01,6
0.98,0.44,0.47,0.25,0.063,0.09,0.028,0.9981,0.324,0.65,1.08,6
1.2,0.39,0.66,0.3,0.093,0.12,0.03,0.9996,0.318,0.63,1.08,7
1.04,0.34,0.58,0.37,0.174,0.06,0.016,0.997,0.319,0.7,1.13,6
1.25,0.46,0.49,0.45,0.07,0.26,0.049,0.9981,0.305,0.57,0.96,4
0.9,0.43,0.34,0.25,0.08,0.26,0.086,0.9987,0.338,0.62,0.95,6
0.91,0.45,0.35,0.24,0.08,0.23,0.078,0.9987,0.338,0.62,0.95,5
0.71,0.735,0.16,0.19,0.1,0.15,0.077,0.9966,0.327,0.64,0.93,5
0.99,0.4,0.53,0.67,0.097,0.06,0.019,0.9986,0.327,0.82,1.17,7
0.88,0.52,0.34,0.27,0.087,0.24,0.122,0.9982,0.326,0.61,0.95,5
0.86,0.725,0.24,0.66,0.117,0.31,0.134,1.0014,0.332,1.07,0.93,5
1.06,0.48,0.64,0.22,0.111,0.06,0.02,0.997,0.326,0.66,1.17,6
0.7,0.58,0.12,0.19,0.091,0.34,0.124,0.9956,0.344,0.48,1.05,5
1.19,0.38,0.51,0.2,0.121,0.07,0.02,0.9996,0.324,0.76,1.04,6
0.68,0.77,0,0.18,0.066,0.34,0.052,0.9976,0.362,0.68,0.99,5
0.95,0.56,0.33,0.24,0.089,0.35,0.067,0.9972,0.328,0.73,1.18,7
0.66,0.84,0.03,0.23,0.059,0.32,0.048,0.9952,0.352,0.56,1.23,7
0.77,0.96,0.2,0.2,0.047,0.15,0.06,0.9955,0.336,0.44,1.09,5
1.05,0.24,0.47,0.21,0.066,0.06,0.024,0.9978,0.315,0.9,1.1,7
0.77,0.96,0.2,0.2,0.047,0.15,0.06,0.9955,0.336,0.44,1.09,5
0.66,0.84,0.03,0.23,0.059,0.32,0.048,0.9952,0.352,0.56,1.23,7
0.64,0.67,0.08,0.21,0.045,0.19,0.048,0.9949,0.349,0.49,1.14,6
0.95,0.78,0.22,0.19,0.077,0.06,0.032,0.9988,0.326,0.56,1.06,6
0.91,0.52,0.33,0.13,0.07,0.09,0.03,0.9978,0.324,0.6,0.93,5
1.28,0.84,0.63,0.24,0.088,0.13,0.035,0.9997,0.31,0.6,1.04,6
1.05,0.24,0.47,0.21,0.066,0.06,0.024,0.9978,0.315,0.9,1.1,7
0.78,0.55,0.35,0.22,0.074,0.21,0.066,0.9974,0.325,0.56,0.92,5
1.19,0.37,0.69,0.23,0.078,0.12,0.024,0.9958,0.3,0.65,1.28,6
1.23,0.39,0.63,0.23,0.091,0.06,0.018,1.0004,0.316,0.49,0.95,5
1.04,0.41,0.55,0.32,0.076,0.22,0.054,0.9996,0.315,0.89,0.99,6
1.23,0.39,0.63,0.23,0.091,0.06,0.018,1.0004,0.316,0.49,0.95,5
0.8,0.67,0.3,0.2,0.06,0.38,0.062,0.9958,0.326,0.56,1.02,6
1.11,0.45,0.73,0.32,0.066,0.06,0.022,0.9986,0.317,0.66,1.12,6
1.04,0.41,0.55,0.32,0.076,0.22,0.054,0.9996,0.315,0.89,0.99,6
0.7,0.62,0.18,0.15,0.062,0.07,0.05,0.9951,0.308,0.6,0.93,5
1.26,0.31,0.72,0.22,0.072,0.06,0.029,0.9987,0.288,0.82,0.98,8
1.19,0.4,0.65,0.215,0.068,0.07,0.027,0.9988,0.306,0.68,1.13,6
1.56,0.685,0.76,0.37,0.1,0.06,0.043,1.0032,0.295,0.68,1.12,7
1,0.44,0.49,0.27,0.077,0.11,0.019,0.9963,0.323,0.63,1.16,7
0.53,0.57,0.01,0.17,0.054,0.05,0.027,0.9934,0.357,0.84,1.25,7
0.95,0.735,0.1,0.21,0.079,0.06,0.031,0.9986,0.323,0.56,1.01,6
1.25,0.38,0.6,0.26,0.081,0.31,0.072,0.9996,0.31,0.73,1.05,5
0.93,0.48,0.29,0.21,0.127,0.06,0.016,0.9968,0.322,0.72,1.12,5
0.86,0.53,0.22,0.2,0.1,0.07,0.027,0.9967,0.32,0.56,1.02,6
1.19,0.39,0.69,0.28,0.095,0.17,0.035,0.9994,0.31,0.61,1.08,6
1.19,0.39,0.69,0.28,0.095,0.17,0.035,0.9994,0.31,0.61,1.08,6
0.84,0.37,0.53,0.18,0.413,0.09,0.026,0.9979,0.306,1.06,0.91,6
0.68,0.56,0.03,0.17,0.084,0.18,0.035,0.9968,0.344,0.63,1,6
1.04,0.33,0.63,0.28,0.084,0.05,0.022,0.9998,0.326,0.74,1.12,7
0.7,0.23,0.4,0.16,0.063,0.21,0.067,0.9952,0.35,0.63,1.11,5
1.13,0.62,0.67,0.52,0.086,0.06,0.019,0.9988,0.322,0.69,1.34,8
0.89,0.59,0.39,0.23,0.095,0.05,0.022,0.9986,0.337,0.58,1.03,5
0.92,0.63,0.21,0.27,0.097,0.29,0.065,0.9988,0.328,0.58,0.96,5
1.04,0.33,0.63,0.28,0.084,0.05,0.022,0.9998,0.326,0.74,1.12,7
1.16,0.58,0.66,0.22,0.074,0.1,0.047,1.0008,0.325,0.57,0.9,3
0.92,0.43,0.52,0.23,0.083,0.14,0.023,0.9976,0.335,0.61,1.13,6
0.83,0.615,0.22,0.26,0.087,0.06,0.019,0.9982,0.326,0.61,0.93,5
1.1,0.26,0.68,0.255,0.085,0.1,0.025,0.997,0.318,0.61,1.18,5
0.81,0.66,0.7,0.22,0.098,0.25,0.129,0.9972,0.308,0.53,0.9,5
1.15,0.315,0.54,0.21,0.084,0.05,0.015,0.9987,0.298,0.7,0.92,6
1,0.29,0.4,0.29,0.098,0.1,0.026,1.0006,0.348,0.91,0.97,5
1.03,0.5,0.42,0.2,0.069,0.21,0.051,0.9982,0.316,0.72,1.15,6
0.88,0.46,0.45,0.26,0.065,0.07,0.018,0.9947,0.332,0.79,1.4,6
1.14,0.36,0.69,0.21,0.09,0.06,0.021,1,0.317,0.62,0.92,6
0.87,0.82,0.02,0.12,0.07,0.36,0.048,0.9952,0.32,0.58,0.98,5
1.3,0.32,0.65,0.26,0.093,0.15,0.047,0.9996,0.305,0.61,1.06,5
0.96,0.54,0.42,0.24,0.081,0.25,0.052,0.997,0.32,0.71,1.14,6
1.25,0.37,0.55,0.26,0.083,0.25,0.068,0.9995,0.315,0.82,1.04,6
0.99,0.35,0.55,0.21,0.062,0.05,0.014,0.9971,0.326,0.79,1.06,5
1.05,0.28,0.51,0.17,0.08,0.1,0.024,0.9982,0.32,0.89,0.94,6
0.96,0.68,0.24,0.22,0.087,0.05,0.028,0.9988,0.314,0.6,1.02,5
0.93,0.27,0.41,0.2,0.091,0.06,0.016,0.998,0.328,0.7,0.97,5
1.04,0.24,0.49,0.18,0.075,0.06,0.02,0.9977,0.318,1.06,1.1,6
0.96,0.68,0.24,0.22,0.087,0.05,0.028,0.9988,0.314,0.6,1.02,5
0.94,0.685,0.11,0.27,0.077,0.06,0.031,0.9984,0.319,0.7,1.01,6
1.06,0.28,0.39,1.55,0.069,0.06,0.023,1.0026,0.312,0.66,0.92,5
0.94,0.3,0.56,0.28,0.08,0.06,0.017,0.9964,0.315,0.92,1.17,8
1.06,0.36,0.59,0.22,0.152,0.06,0.018,0.9986,0.304,1.05,0.94,5
1.06,0.36,0.6,0.22,0.152,0.07,0.018,0.9986,0.304,1.06,0.94,5
1.06,0.44,0.68,0.41,0.114,0.06,0.024,0.997,0.306,0.66,1.34,6
1.02,0.67,0.39,0.19,0.054,0.06,0.017,0.9976,0.317,0.47,1,5
1.02,0.67,0.39,0.19,0.054,0.06,0.017,0.9976,0.317,0.47,1,5
1.02,0.645,0.36,0.18,0.053,0.05,0.014,0.9982,0.317,0.42,1,6
1.16,0.32,0.55,0.28,0.081,0.35,0.067,1.0002,0.332,0.92,1.08,7
0.93,0.39,0.4,0.26,0.073,0.1,0.026,0.9984,0.334,0.75,1.02,6
0.93,0.775,0.27,0.28,0.078,0.24,0.056,0.9984,0.331,0.67,1.06,6
0.92,0.41,0.5,0.25,0.055,0.12,0.025,0.9952,0.334,0.79,1.33,7
0.89,0.4,0.51,0.26,0.052,0.13,0.027,0.995,0.332,0.9,1.34,7
0.87,0.69,0.31,0.3,0.086,0.23,0.081,1.0002,0.348,0.74,1.16,6
0.65,0.39,0.23,0.83,0.051,0.28,0.091,0.9952,0.344,0.55,1.21,6
1.07,0.35,0.53,0.26,0.07,0.05,0.016,0.9972,0.315,0.65,1.1,8
0.78,0.52,0.25,0.19,0.081,0.14,0.038,0.9984,0.343,0.65,0.9,6
0.72,0.34,0.32,0.25,0.09,0.43,0.113,0.9966,0.332,0.79,1.11,5
1.07,0.35,0.53,0.26,0.07,0.05,0.016,0.9972,0.315,0.65,1.1,8
0.87,0.69,0.31,0.3,0.086,0.23,0.081,1.0002,0.348,0.74,1.16,6
0.78,0.52,0.25,0.19,0.081,0.14,0.038,0.9984,0.343,0.65,0.9,6
1.04,0.44,0.73,0.655,0.074,0.38,0.076,0.999,0.317,0.85,1.2,7
1.04,0.44,0.73,0.655,0.074,0.38,0.076,0.999,0.317,0.85,1.2,7
1.05,0.26,0.47,0.19,0.078,0.06,0.024,0.9976,0.318,1.04,1.09,7
1.05,0.24,0.42,0.18,0.077,0.06,0.022,0.9976,0.321,1.05,1.08,7
1.02,0.49,0.63,0.29,0.072,0.1,0.026,0.9968,0.316,0.78,1.25,7
1.04,0.24,0.46,0.18,0.075,0.06,0.021,0.9976,0.325,1.02,1.08,7
1.12,0.67,0.55,0.23,0.084,0.06,0.013,1,0.317,0.71,0.95,6
1,0.59,0.31,0.22,0.09,0.26,0.062,0.9994,0.318,0.63,1.02,6
1.33,0.29,0.75,0.28,0.084,0.23,0.043,0.9986,0.304,0.68,1.14,7
1.24,0.42,0.49,0.46,0.073,0.19,0.043,0.9978,0.302,0.61,0.95,5
1,0.59,0.31,0.22,0.09,0.26,0.062,0.9994,0.318,0.63,1.02,6
1.07,0.4,0.48,0.21,0.125,0.15,0.049,0.998,0.303,0.81,0.97,6
1.05,0.51,0.64,0.24,0.107,0.06,0.015,0.9973,0.309,0.66,1.18,7
1.05,0.51,0.64,0.24,0.107,0.06,0.015,0.9973,0.309,0.66,1.18,7
0.85,0.655,0.49,0.61,0.122,0.34,0.151,1.001,0.331,1.14,0.93,5
1.25,0.6,0.49,0.43,0.1,0.05,0.014,1.001,0.325,0.74,1.19,6
1.04,0.61,0.49,0.21,0.2,0.05,0.016,0.9994,0.316,0.63,0.84,3
1.09,0.21,0.49,0.28,0.088,0.11,0.032,0.9972,0.322,0.68,1.17,6
0.73,0.365,0.49,0.25,0.088,0.39,0.106,0.9966,0.336,0.78,1.1,5
0.98,0.25,0.49,0.27,0.088,0.15,0.033,0.9982,0.342,0.9,1,6
0.76,0.41,0.49,0.2,0.088,0.16,0.043,0.998,0.348,0.64,0.91,5
0.82,0.39,0.49,0.23,0.099,0.47,0.133,0.9979,0.338,0.99,0.98,5
0.93,0.4,0.49,0.25,0.085,0.38,0.142,0.9978,0.322,0.55,0.94,5
0.92,0.43,0.49,0.24,0.086,0.23,0.116,0.9976,0.323,0.64,0.95,5
1.04,0.64,0.24,0.28,0.105,0.29,0.053,0.9998,0.324,0.67,0.99,5
0.73,0.365,0.49,0.25,0.088,0.39,0.106,0.9966,0.336,0.78,1.1,5
0.7,0.38,0.49,0.25,0.097,0.33,0.085,0.9962,0.339,0.77,1.14,6
0.82,0.42,0.49,0.26,0.084,0.32,0.055,0.9988,0.334,0.75,0.87,6
0.99,0.63,0.24,0.24,0.077,0.06,0.033,0.9974,0.309,0.57,0.94,5
0.91,0.22,0.24,0.21,0.078,0.01,0.028,0.999,0.341,0.87,1.03,6
1.19,0.38,0.49,0.27,0.098,0.12,0.042,1.0004,0.316,0.61,1.03,5
1.19,0.38,0.49,0.27,0.098,0.12,0.042,1.0004,0.316,0.61,1.03,5
1.03,0.27,0.24,0.21,0.072,0.15,0.033,0.9956,0.322,0.66,1.28,6
1,0.48,0.24,0.27,0.102,0.13,0.032,1,0.328,0.56,1,6
0.91,0.22,0.24,0.21,0.078,0.01,0.028,0.999,0.341,0.87,1.03,6
0.99,0.63,0.24,0.24,0.077,0.06,0.033,0.9974,0.309,0.57,0.94,5
0.81,0.825,0.24,0.21,0.084,0.05,0.013,0.9972,0.337,0.77,1.07,6
1.29,0.35,0.49,0.58,0.066,0.05,0.035,1.0014,0.32,0.66,1.2,7
1.12,0.5,0.74,0.515,0.1,0.05,0.017,0.9996,0.322,0.62,1.12,5
0.92,0.59,0.24,0.33,0.101,0.2,0.047,0.9988,0.326,0.67,0.96,5
0.95,0.46,0.49,0.63,0.064,0.05,0.017,0.9988,0.321,0.73,1.1,6
0.93,0.715,0.24,0.21,0.07,0.05,0.02,0.9966,0.312,0.59,0.99,5
1.12,0.66,0.24,0.25,0.085,0.16,0.053,0.9993,0.306,0.72,1.1,6
1.43,0.31,0.74,0.18,0.075,0.06,0.015,1.0008,0.286,0.79,0.84,6
0.91,0.47,0.49,0.26,0.094,0.38,0.106,0.9982,0.308,0.59,0.91,5
0.75,0.55,0.24,0.2,0.078,0.1,0.028,0.9983,0.345,0.78,0.95,6
1.06,0.31,0.49,0.25,0.067,0.06,0.021,0.9987,0.326,0.86,1.07,6
1.24,0.35,0.49,0.26,0.079,0.27,0.069,0.9994,0.312,0.75,1.04,6
0.9,0.53,0.49,0.19,0.171,0.06,0.025,0.9975,0.327,0.61,0.94,6
0.68,0.51,0.01,0.21,0.074,0.09,0.025,0.9958,0.333,0.56,0.95,6
0.94,0.43,0.24,0.28,0.092,0.14,0.045,0.998,0.319,0.73,1,6
0.95,0.46,0.24,0.27,0.092,0.14,0.044,0.998,0.312,0.74,1,6
0.5,1.04,0.24,0.16,0.05,0.32,0.096,0.9934,0.374,0.62,1.15,5
1.55,0.645,0.49,0.42,0.095,0.1,0.023,1.00315,0.292,0.74,1.11,5
1.55,0.645,0.49,0.42,0.095,0.1,0.023,1.00315,0.292,0.74,1.11,5
1.09,0.53,0.49,0.46,0.118,0.1,0.017,1.0002,0.307,0.56,1.17,6
1.56,0.645,0.49,0.42,0.095,0.1,0.023,1.00315,0.292,0.74,1.11,5
1.09,0.53,0.49,0.46,0.118,0.1,0.017,1.0002,0.307,0.56,1.17,6
1.3,0.47,0.49,0.43,0.085,0.06,0.047,1.0021,0.33,0.68,1.27,6
1.27,0.6,0.49,0.28,0.075,0.05,0.019,0.9994,0.314,0.57,1.14,5
0.9,0.44,0.49,0.24,0.078,0.26,0.121,0.9978,0.323,0.58,0.92,5
0.9,0.54,0.49,0.29,0.094,0.41,0.11,0.9982,0.308,0.61,0.92,5
0.76,0.29,0.49,0.27,0.092,0.25,0.06,0.9971,0.331,0.61,1.01,6
1.3,0.47,0.49,0.43,0.085,0.06,0.047,1.0021,0.33,0.68,1.27,6
1.27,0.6,0.49,0.28,0.075,0.05,0.019,0.9994,0.314,0.57,1.14,5
0.87,0.7,0.24,0.25,0.226,0.05,0.015,0.9991,0.332,0.6,0.9,6
0.87,0.7,0.24,0.25,0.226,0.05,0.015,0.9991,0.332,0.6,0.9,6
0.98,0.5,0.49,0.26,0.25,0.05,0.02,0.999,0.331,0.79,1.07,6
0.62,0.36,0.24,0.22,0.095,0.19,0.042,0.9946,0.357,0.57,1.17,6
1.15,0.35,0.49,0.33,0.07,0.1,0.037,1.0003,0.332,0.91,1.1,6
0.62,0.36,0.24,0.22,0.095,0.19,0.042,0.9946,0.357,0.57,1.17,6
1.02,0.24,0.49,0.24,0.075,0.1,0.028,0.9978,0.314,0.61,1.04,5
1.05,0.59,0.49,0.21,0.07,0.14,0.047,0.9991,0.33,0.56,0.96,4
1.06,0.34,0.49,0.32,0.078,0.2,0.078,0.9992,0.319,0.7,1,6
1.23,0.27,0.49,0.31,0.079,0.28,0.046,0.9993,0.32,0.8,1.02,6
0.99,0.5,0.24,0.23,0.103,0.06,0.014,0.9978,0.334,0.52,1,4
0.88,0.44,0.49,0.28,0.083,0.18,0.111,0.9982,0.33,0.6,0.95,5
0.88,0.47,0.49,0.29,0.085,0.17,0.11,0.9982,0.329,0.6,0.98,5
1.06,0.31,0.49,0.22,0.063,0.18,0.04,0.9976,0.314,0.51,0.98,6
1.23,0.5,0.49,0.22,0.089,0.05,0.014,1.0002,0.319,0.44,0.96,5
1.23,0.5,0.49,0.22,0.089,0.05,0.014,1.0002,0.319,0.44,0.96,5
1.17,0.49,0.49,0.22,0.083,0.05,0.015,1,0.319,0.43,0.92,5
1.2,0.28,0.49,0.19,0.074,0.1,0.021,0.9976,0.298,0.66,0.99,7
1.18,0.33,0.49,0.34,0.093,0.54,0.08,1.0002,0.33,0.76,1.07,7
0.76,0.51,0.24,0.24,0.091,0.08,0.038,0.998,0.347,0.66,0.96,6
1.11,0.31,0.49,0.27,0.094,0.16,0.047,0.9986,0.312,1.02,1.06,7
0.73,0.73,0.24,0.19,0.108,0.18,0.102,0.9967,0.326,0.59,0.93,5
0.5,0.42,0.24,0.2,0.06,0.19,0.05,0.9917,0.372,0.74,1.4,8
1.02,0.29,0.49,0.26,0.059,0.05,0.013,0.9976,0.305,0.74,1.05,7
0.9,0.45,0.49,0.26,0.084,0.21,0.075,0.9987,0.335,0.57,0.97,5
0.66,0.39,0.49,0.17,0.07,0.23,0.149,0.9922,0.312,0.5,1.15,6
0.9,0.45,0.49,0.26,0.084,0.21,0.075,0.9987,0.335,0.57,0.97,5
0.99,0.49,0.58,0.35,0.094,0.09,0.043,1.0004,0.329,0.58,0.9,5
0.79,0.72,0.17,0.26,0.096,0.2,0.038,0.9978,0.34,0.53,0.95,5
0.89,0.595,0.41,0.79,0.086,0.3,0.109,0.9998,0.327,0.57,0.93,5
1.24,0.4,0.51,0.2,0.059,0.06,0.024,0.9994,0.304,0.6,0.93,6
1.19,0.58,0.58,0.19,0.071,0.05,0.018,0.998,0.309,0.63,1,6
0.85,0.585,0.18,0.21,0.078,0.05,0.03,0.9967,0.32,0.48,0.98,6
1.27,0.59,0.45,0.23,0.082,0.11,0.022,1,0.3,0.7,0.93,6
0.82,0.915,0.27,0.21,0.088,0.07,0.023,0.9962,0.326,0.47,1,4
1.32,0.46,0.52,0.22,0.071,0.12,0.035,1.0006,0.31,0.56,0.9,6
0.77,0.835,0,0.26,0.081,0.06,0.014,0.9975,0.33,0.52,0.93,5
1.32,0.46,0.52,0.22,0.071,0.12,0.035,1.0006,0.31,0.56,0.9,6
0.83,0.58,0.13,0.29,0.096,0.14,0.063,0.9984,0.317,0.62,0.91,6
0.83,0.6,0.13,0.26,0.085,0.06,0.024,0.9984,0.331,0.59,0.92,6
0.94,0.41,0.48,0.46,0.072,0.1,0.02,0.9973,0.334,0.79,1.22,7
0.88,0.48,0.41,0.33,0.092,0.26,0.052,0.9982,0.331,0.53,1.05,6
1.01,0.65,0.37,0.51,0.11,0.11,0.065,1.0026,0.332,0.64,1.04,6
0.63,0.36,0.19,0.32,0.075,0.15,0.039,0.9956,0.356,0.52,1.27,6
0.88,0.24,0.54,0.25,0.083,0.25,0.057,0.9983,0.339,0.54,0.92,5
1.32,0.38,0.55,0.27,0.081,0.05,0.016,1.0006,0.298,0.54,0.94,5
0.75,0.64,0,0.24,0.077,0.18,0.029,0.9965,0.332,0.6,1,6
0.82,0.39,0.38,0.15,0.058,0.1,0.029,0.9962,0.326,0.74,0.98,5
0.92,0.755,0.18,0.22,0.148,0.1,0.103,0.9969,0.287,1.36,1.02,6
0.96,0.6,0.5,0.23,0.079,0.28,0.071,0.9997,0.35,0.57,0.97,5
0.96,0.6,0.5,0.23,0.079,0.28,0.071,0.9997,0.35,0.57,0.97,5
1.15,0.31,0.51,0.22,0.079,0.14,0.028,0.9982,0.303,0.93,0.98,6
1.14,0.46,0.5,0.27,0.122,0.04,0.017,1.0006,0.313,0.7,1.02,5
1.13,0.37,0.41,0.23,0.088,0.06,0.016,0.9988,0.309,0.8,0.93,5
0.83,0.54,0.24,0.34,0.076,0.16,0.112,0.9976,0.327,0.61,0.94,5
0.82,0.56,0.23,0.34,0.078,0.14,0.104,0.9976,0.328,0.62,0.94,5
1,0.58,0.22,0.19,0.08,0.09,0.032,0.9974,0.313,0.55,0.95,5
0.79,0.51,0.25,0.29,0.077,0.21,0.045,0.9974,0.349,0.96,1.21,6
0.68,0.69,0,0.56,0.124,0.21,0.058,0.9997,0.346,0.72,1.02,5
0.68,0.69,0,0.56,0.124,0.21,0.058,0.9997,0.346,0.72,1.02,5
0.88,0.6,0.29,0.22,0.098,0.05,0.015,0.9988,0.336,0.49,0.91,5
0.88,0.6,0.29,0.22,0.098,0.05,0.015,0.9988,0.336,0.49,0.91,5
0.87,0.54,0.26,0.25,0.097,0.07,0.031,0.9976,0.327,0.6,0.93,6
0.76,0.685,0.23,0.23,0.111,0.2,0.084,0.9964,0.321,0.61,0.93,5
0.87,0.54,0.26,0.25,0.097,0.07,0.031,0.9976,0.327,0.6,0.93,6
1.04,0.28,0.54,0.27,0.105,0.05,0.019,0.9988,0.325,0.63,0.95,5
0.76,0.41,0.14,0.3,0.087,0.21,0.043,0.9964,0.332,0.57,1.05,6
1.01,0.935,0.22,0.34,0.105,0.11,0.086,1.001,0.343,0.64,1.13,4
0.79,0.35,0.21,0.19,0.073,0.46,0.102,0.9964,0.327,0.58,0.95,5
0.87,0.84,0,0.14,0.065,0.24,0.033,0.9954,0.327,0.55,0.97,5
0.96,0.88,0.28,0.24,0.086,0.3,0.147,0.9979,0.324,0.53,0.94,5
0.95,0.885,0.27,0.23,0.084,0.31,0.145,0.9978,0.324,0.53,0.94,5
0.77,0.915,0.12,0.22,0.143,0.07,0.023,0.9964,0.335,0.65,1.02,7
0.89,0.29,0.35,0.19,0.067,0.25,0.057,0.997,0.318,1.36,1.03,6
0.99,0.54,0.45,0.23,0.071,0.16,0.04,0.9991,0.339,0.62,0.94,5
0.95,0.59,0.44,0.23,0.071,0.21,0.068,0.9992,0.346,0.63,0.95,5
0.99,0.54,0.45,0.23,0.071,0.16,0.04,0.9991,0.339,0.62,0.94,5
0.95,0.59,0.44,0.23,0.071,0.21,0.068,0.9992,0.346,0.63,0.95,5
0.99,0.54,0.45,0.23,0.071,0.16,0.04,0.9991,0.339,0.62,0.94,5
0.78,0.64,0.1,0.6,0.115,0.05,0.011,0.9984,0.337,0.69,1.01,7
0.73,0.67,0.05,0.36,0.107,0.06,0.02,0.9972,0.34,0.63,1.01,5
0.83,0.845,0.01,0.22,0.07,0.05,0.014,0.9967,0.332,0.58,1.1,4
0.87,0.48,0.3,0.28,0.066,0.1,0.028,0.9964,0.333,0.67,1.12,7
0.67,0.42,0.27,0.86,0.068,0.24,0.148,0.9948,0.316,0.57,1.13,6
1.07,0.43,0.39,0.22,0.106,0.08,0.032,0.9986,0.289,0.5,0.96,5
0.98,0.88,0.25,0.25,0.104,0.35,0.155,1.001,0.341,0.67,1.12,5
1.59,0.36,0.65,0.75,0.096,0.22,0.071,0.9976,0.298,0.84,1.49,5
0.94,0.33,0.59,0.28,0.079,0.09,0.03,0.9976,0.312,0.54,1.2,6
0.86,0.47,0.47,0.24,0.074,0.07,0.029,0.9979,0.308,0.46,0.95,5
0.97,0.55,0.17,0.29,0.087,0.2,0.053,1.0004,0.314,0.61,0.94,5
1.07,0.43,0.39,0.22,0.106,0.08,0.032,0.9986,0.289,0.5,0.96,5
1.2,0.5,0.59,0.14,0.073,0.23,0.042,0.998,0.292,0.68,1.05,7
0.72,0.52,0.07,0.14,0.074,0.05,0.02,0.9973,0.332,0.81,0.96,6
0.71,0.84,0.02,0.44,0.096,0.05,0.013,0.997,0.341,0.57,1.1,4
0.72,0.52,0.07,0.14,0.074,0.05,0.02,0.9973,0.332,0.81,0.96,6
0.75,0.42,0.31,0.16,0.08,0.15,0.042,0.9978,0.331,0.64,0.9,5
0.72,0.57,0.06,0.16,0.076,0.09,0.027,0.9972,0.336,0.7,0.96,6
1.01,0.28,0.46,0.18,0.05,0.05,0.013,0.9974,0.304,0.79,1.02,6
1.21,0.4,0.52,0.2,0.092,0.15,0.054,1,0.303,0.66,1.02,5
0.94,0.59,0.14,0.2,0.084,0.25,0.048,0.9981,0.314,0.56,0.97,5
0.83,0.49,0.36,0.18,0.222,0.06,0.016,0.998,0.318,0.6,0.95,6
1.13,0.34,0.45,0.2,0.082,0.06,0.015,0.9988,0.294,0.66,0.92,6
1,0.73,0.43,0.23,0.059,0.15,0.031,0.9966,0.315,0.57,1.1,5
1.13,0.34,0.45,0.2,0.082,0.06,0.015,0.9988,0.294,0.66,0.92,6
0.69,0.4,0.24,0.25,0.083,0.3,0.045,0.9959,0.326,0.58,1,5
0.82,0.73,0.21,0.17,0.074,0.05,0.013,0.9968,0.32,0.52,0.95,5
0.98,1.24,0.34,0.2,0.079,0.32,0.151,0.998,0.315,0.53,0.95,5
0.82,0.73,0.21,0.17,0.074,0.05,0.013,0.9968,0.32,0.52,0.95,5
1.08,0.4,0.41,0.22,0.084,0.07,0.017,0.9984,0.308,0.67,0.93,6
0.93,0.41,0.39,0.22,0.064,0.12,0.031,0.9984,0.326,0.65,1.02,5
1.08,0.4,0.41,0.22,0.084,0.07,0.017,0.9984,0.308,0.67,0.93,6
0.86,0.8,0.11,0.23,0.084,0.12,0.031,0.9979,0.34,0.48,0.99,5
0.83,0.78,0.1,0.26,0.081,0.45,0.087,0.9983,0.348,0.53,1,5
1.08,0.26,0.45,0.33,0.06,0.2,0.049,0.9972,0.313,0.54,0.96,5
1.33,0.43,0.58,0.19,0.07,0.15,0.04,1.0004,0.306,0.49,0.9,5
0.8,0.45,0.23,0.22,0.094,0.16,0.029,0.9962,0.321,0.49,1.02,6
0.85,0.46,0.31,0.225,0.078,0.32,0.058,0.998,0.333,0.54,0.98,5
0.81,0.78,0.23,0.26,0.059,0.05,0.015,0.997,0.337,0.56,1.13,5
0.98,0.98,0.32,0.23,0.078,0.35,0.152,0.998,0.325,0.48,0.94,5
0.81,0.78,0.23,0.26,0.059,0.05,0.015,0.997,0.337,0.56,1.13,5
0.71,0.65,0.18,0.18,0.07,0.13,0.04,0.997,0.344,0.6,0.91,5
0.91,0.64,0.23,0.31,0.095,0.13,0.038,0.9998,0.328,0.59,0.97,5
0.77,0.66,0.04,0.16,0.039,0.04,0.009,0.9962,0.34,0.47,0.94,5
0.81,0.38,0.48,0.18,0.157,0.05,0.017,0.9976,0.33,1.05,0.94,5
0.74,1.185,0,0.425,0.097,0.05,0.014,0.9966,0.363,0.54,1.07,3
0.92,0.92,0.24,0.26,0.087,0.12,0.093,0.9998,0.348,0.54,0.98,5
0.86,0.49,0.51,0.2,0.422,0.16,0.062,0.9979,0.303,1.17,0.9,5
0.9,0.48,0.32,0.28,0.084,0.21,0.122,0.9984,0.332,0.62,0.94,5
0.9,0.47,0.31,0.27,0.084,0.24,0.125,0.9984,0.331,0.61,0.94,5
0.51,0.47,0.02,0.13,0.034,0.18,0.044,0.9921,0.39,0.62,1.28,6
0.7,0.65,0.02,0.21,0.066,0.08,0.025,0.9972,0.347,0.67,0.95,6
0.7,0.65,0.02,0.21,0.066,0.08,0.025,0.9972,0.347,0.67,0.95,6
0.94,0.615,0.28,0.32,0.087,0.18,0.072,1.0001,0.331,0.53,0.97,5
1.18,0.38,0.55,0.21,0.071,0.05,0.019,0.9986,0.311,0.62,1.08,6
1.06,1.02,0.43,0.29,0.076,0.26,0.088,0.9984,0.308,0.57,1.01,6
0.7,0.65,0.02,0.21,0.066,0.08,0.025,0.9972,0.347,0.67,0.95,6
0.7,0.64,0.02,0.21,0.067,0.09,0.023,0.997,0.347,0.67,0.94,6
0.75,0.38,0.48,0.26,0.073,0.22,0.084,0.9972,0.332,0.7,0.96,4
0.91,0.765,0.04,0.16,0.078,0.04,0.014,0.998,0.329,0.54,0.97,4
0.84,1.035,0.15,0.6,0.073,0.11,0.054,0.999,0.337,0.49,0.99,5
0.7,0.78,0.08,0.2,0.093,0.1,0.019,0.9956,0.34,0.47,1,5
0.74,0.49,0.19,0.3,0.077,0.16,0.037,0.9966,0.337,0.51,1.05,5
0.78,0.545,0.12,0.25,0.068,0.11,0.035,0.996,0.334,0.61,1.16,6
0.97,0.31,0.47,0.16,0.062,0.13,0.033,0.9983,0.327,0.66,1,6
1.06,1.025,0.43,0.28,0.08,0.21,0.084,0.9985,0.306,0.57,1.01,5
0.89,0.565,0.34,0.3,0.093,0.16,0.112,0.9998,0.338,0.61,0.95,5
0.87,0.69,0,0.32,0.084,0.13,0.033,0.9992,0.336,0.45,0.94,5
0.8,0.43,0.36,0.23,0.075,0.1,0.048,0.9976,0.334,0.46,0.94,5
0.99,0.74,0.28,0.26,0.078,0.21,0.077,0.998,0.328,0.51,0.98,5
0.72,0.49,0.18,0.27,0.069,0.13,0.034,0.9967,0.329,0.48,0.92,6
0.8,0.43,0.36,0.23,0.075,0.1,0.048,0.9976,0.334,0.46,0.94,5
0.76,0.46,0.11,0.26,0.079,0.12,0.049,0.9968,0.321,0.57,1,5
0.84,0.56,0.04,0.2,0.082,0.1,0.022,0.9976,0.322,0.44,0.96,5
0.71,0.66,0,0.39,0.086,0.17,0.045,0.9976,0.346,0.54,0.95,5
0.84,0.56,0.04,0.2,0.082,0.1,0.022,0.9976,0.322,0.44,0.96,5
0.89,0.48,0.24,0.285,0.094,0.35,0.106,0.9982,0.31,0.53,0.92,5
0.76,0.42,0.08,0.27,0.084,0.15,0.048,0.9968,0.321,0.59,1,5
0.71,0.31,0.3,0.22,0.053,0.36,0.127,0.9965,0.294,1.62,0.95,5
0.75,1.115,0.1,0.31,0.086,0.05,0.012,0.9958,0.354,0.6,1.12,4
0.9,0.66,0.17,0.3,0.077,0.05,0.013,0.9976,0.329,0.55,1.04,5
0.81,0.72,0.09,0.28,0.084,0.18,0.049,0.9994,0.343,0.72,1.11,6
0.64,0.57,0.02,0.18,0.067,0.04,0.011,0.997,0.346,0.68,0.95,5
0.64,0.57,0.02,0.18,0.067,0.04,0.011,0.997,0.346,0.68,0.95,5
0.64,0.865,0.03,0.32,0.071,0.27,0.058,0.995,0.361,0.49,1.27,6
0.95,0.55,0.66,0.23,0.387,0.12,0.037,0.9982,0.317,0.67,0.96,5
0.89,0.875,0.13,0.345,0.088,0.04,0.014,0.9994,0.344,0.52,1.15,5
0.73,0.835,0.03,0.21,0.092,0.1,0.019,0.9966,0.339,0.47,0.96,5
0.7,0.45,0.34,0.27,0.082,0.16,0.072,0.998,0.355,0.6,0.95,5
0.77,0.56,0.2,0.2,0.075,0.09,0.039,0.9987,0.348,0.62,0.93,5
0.77,0.965,0.1,0.21,0.112,0.11,0.022,0.9963,0.326,0.5,0.95,5
0.77,0.965,0.1,0.21,0.112,0.11,0.022,0.9963,0.326,0.5,0.95,5
0.82,0.59,0,0.25,0.093,0.19,0.058,1.0002,0.35,0.65,0.93,6
0.9,0.46,0.23,0.28,0.092,0.28,0.104,0.9983,0.31,0.56,0.92,5
0.9,0.69,0,0.24,0.088,0.19,0.038,0.999,0.335,0.6,0.93,5
0.83,0.76,0.29,0.42,0.075,0.12,0.016,0.9965,0.345,0.68,1.15,6
0.92,0.53,0.24,0.26,0.078,0.28,0.139,0.99788,0.321,0.57,0.95,5
0.65,0.615,0,0.19,0.065,0.09,0.018,0.9972,0.346,0.65,0.92,5
1.16,0.41,0.58,0.28,0.096,0.25,0.101,1.00024,0.313,0.53,1,5
1.11,0.39,0.54,0.27,0.095,0.21,0.101,1.0001,0.313,0.51,0.95,5
0.73,0.51,0.18,0.21,0.07,0.12,0.028,0.99768,0.352,0.73,0.95,6
0.82,0.34,0.38,0.25,0.08,0.12,0.057,0.9978,0.33,0.47,0.9,6
0.86,0.33,0.4,0.26,0.083,0.16,0.068,0.99782,0.33,0.48,0.94,5
0.72,0.5,0.18,0.21,0.071,0.12,0.031,0.99761,0.352,0.72,0.96,6
0.73,0.51,0.18,0.21,0.07,0.12,0.028,0.99768,0.352,0.73,0.95,6
0.83,0.65,0.1,0.29,0.089,0.17,0.04,0.99803,0.329,0.55,0.95,5
0.83,0.65,0.1,0.29,0.089,0.17,0.04,0.99803,0.329,0.55,0.95,5
0.76,0.54,0.13,0.25,0.097,0.24,0.066,0.99785,0.339,0.61,0.94,5
0.83,0.65,0.1,0.29,0.089,0.17,0.04,0.99803,0.329,0.55,0.95,5
0.78,0.48,0.68,0.17,0.415,0.14,0.032,0.99656,0.309,1.06,0.91,6
0.78,0.91,0.07,0.19,0.058,0.22,0.047,0.99525,0.351,0.43,1.07,6
0.63,0.98,0.01,0.2,0.057,0.15,0.033,0.99488,0.36,0.46,1.12,6
0.81,0.87,0,0.22,0.084,0.1,0.031,0.99656,0.325,0.5,0.98,5
0.81,0.87,0,0.22,0.084,0.1,0.031,0.99656,0.325,0.5,0.98,5
0.88,0.42,0.21,0.25,0.092,0.33,0.088,0.99823,0.319,0.52,0.92,5
0.9,0.58,0.25,0.28,0.075,0.09,0.104,0.99779,0.323,0.57,0.97,5
0.93,0.655,0.26,0.2,0.096,0.05,0.035,0.99738,0.325,0.42,0.96,5
0.88,0.7,0,0.17,0.069,0.08,0.019,0.99701,0.331,0.53,1,6
0.93,0.655,0.26,0.2,0.096,0.05,0.035,0.99738,0.325,0.42,0.96,5
0.91,0.68,0.11,0.28,0.093,0.11,0.044,0.99888,0.331,0.55,0.95,6
0.92,0.67,0.1,0.3,0.091,0.12,0.048,0.99888,0.331,0.54,0.95,6
0.88,0.59,0.18,0.29,0.089,0.12,0.074,0.99738,0.314,0.54,0.94,5
0.75,0.6,0.32,0.27,0.103,0.13,0.098,0.99938,0.345,0.62,0.95,5
0.71,0.59,0.02,0.23,0.082,0.24,0.094,0.99744,0.355,0.53,0.97,6
0.79,0.72,0.01,0.19,0.076,0.07,0.032,0.99668,0.339,0.54,0.96,5
0.71,0.59,0.02,0.23,0.082,0.24,0.094,0.99744,0.355,0.53,0.97,6
0.94,0.685,0.26,0.24,0.082,0.23,0.143,0.9978,0.328,0.55,0.94,5
0.95,0.57,0.27,0.23,0.082,0.23,0.144,0.99782,0.327,0.55,0.94,5
0.79,0.4,0.29,0.18,0.157,0.01,0.044,0.9973,0.33,0.92,0.95,6
0.79,0.4,0.3,0.18,0.157,0.02,0.045,0.99727,0.331,0.91,0.95,6
0.72,1,0,0.3,0.102,0.07,0.016,0.99586,0.343,0.46,1,5
0.69,0.765,0.18,0.24,0.243,0.055,0.048,0.99612,0.34,0.6,1.03,6
0.69,0.635,0.17,0.24,0.241,0.06,0.018,0.9961,0.34,0.59,1.03,6
0.83,0.43,0.3,0.34,0.079,0.07,0.034,0.99788,0.336,0.61,1.05,5
0.71,0.52,0.03,0.26,0.076,0.21,0.092,0.99745,0.35,0.6,0.98,5
0.7,0.57,0,0.2,0.19,0.12,0.045,0.99676,0.331,0.6,0.94,6
0.65,0.46,0.14,0.24,0.114,0.09,0.037,0.99732,0.366,0.65,0.98,5
0.9,0.82,0.05,0.24,0.081,0.26,0.096,0.99814,0.336,0.53,1,5
0.65,0.46,0.14,0.24,0.114,0.09,0.037,0.99732,0.366,0.65,0.98,5
0.71,0.59,0.01,0.25,0.077,0.2,0.085,0.99746,0.355,0.59,0.98,5
0.99,0.35,0.41,0.23,0.083,0.11,0.061,0.9982,0.321,0.5,0.95,5
0.99,0.35,0.41,0.23,0.083,0.11,0.061,0.9982,0.321,0.5,0.95,5
1,0.56,0.24,0.22,0.079,0.19,0.058,0.9991,0.318,0.56,1.01,6
1,0.56,0.24,0.22,0.079,0.19,0.058,0.9991,0.318,0.56,1.01,6
0.86,0.63,0.17,0.29,0.099,0.21,0.119,0.998,0.309,0.52,0.93,5
0.74,0.37,0.43,0.26,0.082,0.18,0.082,0.99708,0.333,0.68,0.97,6
0.88,0.64,0.17,0.29,0.084,0.25,0.13,0.99818,0.323,0.54,0.96,5
0.71,0.61,0.02,0.25,0.081,0.17,0.087,0.99745,0.348,0.6,0.97,6
0.77,0.6,0,0.26,0.055,0.07,0.013,0.99639,0.338,0.56,1.08,5
1.01,0.27,0.54,0.23,0.065,0.07,0.026,0.99531,0.317,0.53,1.25,6
1.08,0.89,0.3,0.26,0.132,0.07,0.06,0.99786,0.299,1.18,1.02,5
0.87,0.46,0.31,0.25,0.126,0.24,0.064,0.99746,0.31,0.74,0.96,5
0.93,0.37,0.44,0.16,0.038,0.21,0.042,0.99526,0.324,0.81,1.08,7
0.94,0.5,0.34,0.36,0.082,0.05,0.014,0.9987,0.329,0.52,1.07,6
0.94,0.5,0.34,0.36,0.082,0.05,0.014,0.9987,0.329,0.52,1.07,6
0.72,0.61,0.08,0.4,0.082,0.26,0.108,0.99641,0.325,0.51,0.94,5
0.86,0.55,0.09,0.33,0.068,0.08,0.017,0.99735,0.323,0.44,1,5
0.51,0.585,0,0.17,0.044,0.14,0.086,0.99264,0.356,0.94,1.29,7
0.77,0.56,0.08,0.25,0.114,0.14,0.046,0.9971,0.324,0.66,0.96,6
0.84,0.52,0.22,0.27,0.084,0.04,0.018,0.99682,0.326,0.57,0.99,6
0.82,0.28,0.4,0.24,0.052,0.04,0.01,0.99356,0.333,0.7,1.28,7
0.84,0.25,0.39,0.2,0.041,0.04,0.01,0.99386,0.327,0.71,1.25,7
0.82,0.28,0.4,0.24,0.052,0.04,0.01,0.99356,0.333,0.7,1.28,7
0.74,0.53,0.12,0.19,0.165,0.04,0.012,0.99702,0.326,0.86,0.92,5
0.76,0.48,0.31,0.28,0.07,0.04,0.015,0.99693,0.322,0.55,1.03,6
0.73,0.49,0.1,0.26,0.068,0.04,0.014,0.99562,0.33,0.47,1.05,5
1.29,0.5,0.55,0.28,0.072,0.07,0.024,1.00012,0.309,0.68,1.09,6
1.08,0.45,0.33,0.25,0.099,0.2,0.038,0.99818,0.324,0.71,1.08,5
0.69,0.39,0.24,0.21,0.102,0.04,0.007,0.99462,0.344,0.58,1.14,4
1.26,0.41,0.54,0.28,0.103,0.19,0.041,0.99939,0.321,0.76,1.13,6
1.08,0.45,0.33,0.25,0.099,0.2,0.038,0.99818,0.324,0.71,1.08,5
0.98,0.51,0.19,0.32,0.081,0.08,0.03,0.9984,0.323,0.58,1.05,6
1.08,0.29,0.42,0.16,0.084,0.19,0.027,0.99545,0.328,0.73,1.19,6
0.71,0.715,0,0.235,0.071,0.21,0.047,0.99632,0.329,0.45,0.94,5
0.91,0.66,0.15,0.32,0.097,0.09,0.059,0.99976,0.328,0.54,0.96,5
0.7,0.685,0,0.19,0.099,0.09,0.022,0.99606,0.334,0.6,0.97,5
0.49,0.42,0,0.21,0.048,0.16,0.042,0.99154,0.371,0.74,1.4,7
0.67,0.54,0.13,0.2,0.076,0.15,0.036,0.9973,0.361,0.64,0.98,5
0.67,0.54,0.13,0.2,0.076,0.15,0.036,0.9973,0.361,0.64,0.98,5
0.71,0.48,0.28,0.28,0.068,0.06,0.016,0.99682,0.324,0.53,1.03,5
0.71,0.46,0.14,0.28,0.076,0.15,0.037,0.99624,0.336,0.49,1.07,5
0.75,0.27,0.34,0.23,0.05,0.04,0.008,0.9951,0.34,0.64,1.1,7
0.71,0.46,0.14,0.28,0.076,0.15,0.037,0.99624,0.336,0.49,1.07,5
0.78,0.57,0.09,0.23,0.065,0.34,0.045,0.99417,0.346,0.74,1.27,8
0.59,0.61,0.08,0.21,0.071,0.16,0.024,0.99376,0.356,0.77,1.11,6
0.75,0.685,0.07,0.25,0.058,0.05,0.009,0.99632,0.338,0.55,1.09,4
0.59,0.61,0.08,0.21,0.071,0.16,0.024,0.99376,0.356,0.77,1.11,6
1.04,0.44,0.42,0.15,0.145,0.34,0.048,0.99832,0.338,0.86,0.99,3
1.16,0.47,0.44,0.16,0.147,0.36,0.051,0.99836,0.338,0.86,0.99,4
0.88,0.685,0.26,0.16,0.088,0.16,0.023,0.99694,0.332,0.47,0.94,5
0.76,0.665,0.1,0.15,0.066,0.27,0.055,0.99655,0.339,0.51,0.93,5
0.67,0.28,0.28,0.24,0.012,0.36,0.1,0.99064,0.326,0.39,1.17,7
0.67,0.28,0.28,0.24,0.012,0.36,0.1,0.99064,0.326,0.39,1.17,7
1.01,0.31,0.35,0.16,0.075,0.09,0.028,0.99672,0.324,0.83,1.12,7
0.6,0.5,0.04,0.22,0.092,0.13,0.026,0.99647,0.346,0.47,1,5
1.11,0.42,0.47,0.265,0.085,0.09,0.034,0.99736,0.324,0.77,1.21,7
0.66,0.66,0,0.3,0.115,0.21,0.031,0.99629,0.345,0.63,1.03,5
1.06,0.5,0.45,0.26,0.119,0.34,0.068,0.99708,0.323,0.72,1.09,6
0.71,0.685,0.35,0.2,0.088,0.09,0.092,0.9963,0.328,0.62,0.94,5
0.99,0.25,0.46,0.17,0.062,0.26,0.042,0.9959,0.318,0.83,1.06,6
0.64,0.64,0.21,0.18,0.081,0.14,0.031,0.99689,0.359,0.66,0.98,5
0.64,0.64,0.21,0.18,0.081,0.14,0.031,0.99689,0.359,0.66,0.98,5
0.74,0.68,0.16,0.18,0.078,0.12,0.039,0.9977,0.35,0.7,0.99,6
0.64,0.64,0.21,0.18,0.081,0.14,0.031,0.99689,0.359,0.66,0.98,5
0.64,0.63,0.21,0.16,0.08,0.12,0.032,0.99689,0.358,0.66,0.98,5
0.93,0.43,0.44,0.19,0.085,0.09,0.022,0.99708,0.328,0.55,0.95,5
0.93,0.43,0.44,0.19,0.085,0.09,0.022,0.99708,0.328,0.55,0.95,5
0.8,0.42,0.32,0.25,0.08,0.26,0.122,0.99801,0.322,1.07,0.97,5
0.93,0.36,0.39,0.15,0.08,0.41,0.055,0.99652,0.347,0.73,1.09,6
0.93,0.36,0.39,0.15,0.08,0.41,0.055,0.99652,0.347,0.73,1.09,6
0.76,0.735,0.02,0.25,0.071,0.1,0.014,0.99538,0.351,0.71,1.17,7
0.93,0.36,0.39,0.15,0.08,0.41,0.055,0.99652,0.347,0.73,1.09,6
0.82,0.26,0.34,0.25,0.073,0.16,0.047,0.99594,0.34,0.78,1.13,7
1.17,0.28,0.47,0.17,0.054,0.17,0.032,0.99686,0.315,0.67,1.06,7
0.68,0.56,0.22,0.18,0.074,0.15,0.024,0.99438,0.34,0.82,1.12,6
0.72,0.62,0.06,0.27,0.077,0.15,0.085,0.99746,0.351,0.54,0.95,5
0.58,1.01,0.66,0.2,0.039,0.15,0.088,0.99357,0.366,0.6,1.15,6
0.75,0.42,0.32,0.27,0.067,0.07,0.025,0.99628,0.324,0.44,1.04,5
0.72,0.62,0.06,0.25,0.078,0.17,0.084,0.99746,0.351,0.53,0.97,5
0.72,0.62,0.06,0.27,0.077,0.15,0.085,0.99746,0.351,0.54,0.95,5
0.72,0.635,0.07,0.26,0.077,0.16,0.086,0.99748,0.351,0.54,0.97,5
0.68,0.49,0.22,0.23,0.071,0.13,0.024,0.99438,0.341,0.83,1.13,6
0.69,0.51,0.23,0.2,0.072,0.13,0.022,0.99438,0.34,0.84,1.12,6
0.68,0.56,0.22,0.18,0.074,0.15,0.024,0.99438,0.34,0.82,1.12,6
0.76,0.63,0.03,0.2,0.08,0.27,0.043,0.99578,0.344,0.64,1.09,6
0.77,0.715,0.01,0.21,0.064,0.31,0.043,0.99371,0.341,0.57,1.18,6
0.69,0.56,0.03,0.15,0.086,0.36,0.046,0.99522,0.353,0.57,1.06,5
0.73,0.35,0.24,0.2,0.067,0.28,0.048,0.99576,0.343,0.54,1,4
0.91,0.21,0.37,0.16,0.067,0.06,0.01,0.99552,0.323,0.58,1.11,7
1.04,0.38,0.46,0.21,0.104,0.06,0.01,0.99664,0.312,0.65,1.18,7
0.88,0.31,0.4,0.28,0.109,0.07,0.016,0.99614,0.331,0.79,1.18,7
0.71,0.47,0,0.22,0.067,0.07,0.014,0.99517,0.34,0.58,1.09,4
0.77,0.715,0.01,0.21,0.064,0.31,0.043,0.99371,0.341,0.57,1.18,6
0.88,0.61,0.19,0.4,0.094,0.3,0.069,0.99787,0.322,0.5,1,6
0.72,0.6,0.04,0.25,0.076,0.18,0.088,0.99745,0.353,0.55,0.95,5
0.92,0.56,0.18,0.16,0.078,0.1,0.021,0.99576,0.315,0.49,0.99,5
0.76,0.715,0,0.21,0.068,0.3,0.035,0.99533,0.348,0.65,1.14,6
0.84,0.31,0.29,0.31,0.194,0.14,0.026,0.99536,0.322,0.78,1.2,6
0.72,0.6,0.04,0.25,0.076,0.18,0.088,0.99745,0.353,0.55,0.95,5
0.88,0.61,0.19,0.4,0.094,0.3,0.069,0.99787,0.322,0.5,1,6
0.89,0.75,0.14,0.25,0.086,0.09,0.03,0.99824,0.334,0.64,1.05,5
0.9,0.8,0.12,0.24,0.083,0.08,0.028,0.99836,0.333,0.65,1.04,6
1.07,0.52,0.38,0.26,0.066,0.29,0.056,0.99577,0.315,0.79,1.21,7
0.68,0.57,0,0.25,0.072,0.32,0.064,0.99491,0.343,0.56,1.12,6
1.07,0.9,0.34,0.66,0.112,0.23,0.099,1.00289,0.322,0.68,0.93,5
0.72,0.34,0.24,0.2,0.071,0.3,0.052,0.99576,0.344,0.58,1.01,5
0.72,0.66,0.03,0.23,0.078,0.16,0.086,0.99743,0.353,0.57,0.97,5
1.01,0.45,0.23,0.19,0.082,0.1,0.018,0.99774,0.322,0.65,0.93,6
0.72,0.66,0.03,0.23,0.078,0.16,0.086,0.99743,0.353,0.57,0.97,5
0.72,0.63,0.03,0.22,0.08,0.17,0.088,0.99745,0.353,0.58,0.98,6
0.71,0.59,0.01,0.23,0.08,0.27,0.043,0.9955,0.342,0.58,1.07,6
0.83,0.31,0.39,0.24,0.078,0.17,0.043,0.99444,0.331,0.77,1.25,7
0.71,0.59,0.01,0.23,0.08,0.27,0.043,0.9955,0.342,0.58,1.07,6
0.83,0.31,0.39,0.24,0.078,0.17,0.043,0.99444,0.331,0.77,1.25,7
0.83,1.02,0.02,0.34,0.084,0.06,0.011,0.99892,0.348,0.49,1.1,3
0.89,0.31,0.36,0.26,0.056,0.1,0.039,0.99562,0.34,0.69,1.18,5
0.74,0.635,0.1,0.24,0.08,0.16,0.033,0.99736,0.358,0.69,1.08,7
0.74,0.635,0.1,0.24,0.08,0.16,0.033,0.99736,0.358,0.69,1.08,7
0.68,0.59,0.06,0.6,0.06,0.11,0.018,0.9962,0.341,0.59,1.08,7
0.68,0.59,0.06,0.6,0.06,0.11,0.018,0.9962,0.341,0.59,1.08,7
0.92,0.58,0.2,0.3,0.081,0.15,0.115,0.998,0.323,0.59,0.95,5
0.72,0.54,0.27,0.26,0.084,0.12,0.078,0.9964,0.339,0.71,1.1,5
0.61,0.56,0,0.22,0.079,0.06,0.009,0.9948,0.359,0.54,1.15,6
0.74,0.52,0.13,0.24,0.078,0.34,0.061,0.99528,0.343,0.59,1.08,6
0.73,0.305,0.39,0.12,0.059,0.07,0.011,0.99331,0.329,0.52,1.15,6
0.93,0.38,0.48,0.38,0.132,0.03,0.011,0.99577,0.323,0.57,1.32,6
0.91,0.28,0.46,0.9,0.114,0.03,0.009,0.99901,0.318,0.6,1.09,6
1,0.46,0.44,0.29,0.065,0.04,0.008,0.99674,0.333,0.62,1.22,6
0.94,0.395,0.46,0.46,0.094,0.03,0.01,0.99639,0.327,0.64,1.22,7
0.73,0.305,0.39,0.12,0.059,0.07,0.011,0.99331,0.329,0.52,1.15,6
0.86,0.315,0.4,0.22,0.079,0.03,0.006,0.99512,0.327,0.67,1.19,6
0.53,0.715,0.19,0.15,0.161,0.07,0.062,0.99395,0.362,0.61,1.1,5
0.68,0.41,0.31,0.88,0.084,0.26,0.045,0.99824,0.338,0.64,1.01,6
0.84,0.36,0.32,0.22,0.081,0.32,0.079,0.9964,0.33,0.72,1.1,6
0.84,0.62,0.12,0.18,0.072,0.38,0.046,0.99504,0.338,0.89,1.18,6
0.96,0.41,0.37,0.23,0.091,0.1,0.023,0.99786,0.324,0.56,1.05,5
0.84,0.36,0.32,0.22,0.081,0.32,0.079,0.9964,0.33,0.72,1.1,6
0.84,0.62,0.12,0.18,0.072,0.38,0.046,0.99504,0.338,0.89,1.18,6
0.68,0.41,0.31,0.88,0.084,0.26,0.045,0.99824,0.338,0.64,1.01,6
0.86,0.47,0.27,0.23,0.055,0.14,0.028,0.99516,0.318,0.8,1.12,5
0.86,0.22,0.36,0.19,0.064,0.53,0.077,0.99604,0.347,0.87,1.1,7
0.94,0.24,0.33,0.23,0.061,0.52,0.073,0.99786,0.347,0.9,1.02,6
0.84,0.67,0.19,0.22,0.093,0.11,0.075,0.99736,0.32,0.59,0.92,4
0.86,0.47,0.27,0.23,0.055,0.14,0.028,0.99516,0.318,0.8,1.12,5
0.87,0.33,0.38,0.33,0.063,0.1,0.019,0.99468,0.33,0.73,1.2,7
0.66,0.61,0.01,0.19,0.08,0.08,0.025,0.99746,0.369,0.73,1.05,5
0.74,0.61,0.01,0.2,0.074,0.13,0.038,0.99748,0.348,0.65,0.98,5
0.76,0.4,0.29,0.19,0.078,0.29,0.066,0.9971,0.345,0.59,0.95,6
0.74,0.61,0.01,0.2,0.074,0.13,0.038,0.99748,0.348,0.65,0.98,5
0.66,0.61,0.01,0.19,0.08,0.08,0.025,0.99746,0.369,0.73,1.05,5
0.88,0.3,0.38,0.23,0.06,0.19,0.072,0.99543,0.339,0.72,1.18,6
0.88,0.3,0.38,0.23,0.06,0.19,0.072,0.99543,0.339,0.72,1.18,6
1.2,0.63,0.5,0.14,0.071,0.06,0.026,0.99791,0.307,0.6,1.04,4
0.72,0.38,0.38,0.28,0.068,0.23,0.042,0.99356,0.334,0.72,1.29,7
0.62,0.46,0.17,0.16,0.073,0.07,0.011,0.99425,0.361,0.54,1.14,5
0.96,0.33,0.52,0.22,0.074,0.13,0.025,0.99509,0.336,0.76,1.24,7
0.99,0.27,0.49,0.5,0.082,0.09,0.017,0.99484,0.319,0.52,1.25,7
1.01,0.43,0.4,0.26,0.092,0.13,0.052,0.99834,0.322,0.64,1,7
0.98,0.5,0.34,0.23,0.094,0.1,0.045,0.99864,0.324,0.6,0.97,7
0.83,0.3,0.49,0.38,0.09,0.11,0.024,0.99498,0.327,0.64,1.21,7
1.02,0.44,0.42,0.2,0.071,0.07,0.02,0.99566,0.314,0.79,1.11,7
1.02,0.44,0.58,0.41,0.092,0.11,0.024,0.99745,0.329,0.99,1.2,7
0.83,0.28,0.48,0.21,0.093,0.06,0.012,0.99408,0.326,0.62,1.24,7
0.89,0.12,0.45,0.18,0.075,0.1,0.021,0.99552,0.341,0.76,1.19,7
0.89,0.12,0.45,0.18,0.075,0.1,0.021,0.99552,0.341,0.76,1.19,7
0.89,0.12,0.45,0.18,0.075,0.1,0.021,0.99552,0.341,0.76,1.19,7
0.83,0.28,0.48,0.21,0.093,0.06,0.012,0.99408,0.326,0.62,1.24,7
0.82,0.31,0.4,0.22,0.058,0.06,0.01,0.99536,0.331,0.68,1.12,7
1.02,0.34,0.48,0.21,0.052,0.05,0.009,0.99458,0.32,0.69,1.21,7
0.76,0.43,0.4,0.27,0.082,0.06,0.011,0.99538,0.344,0.54,1.22,6
0.85,0.21,0.52,0.19,0.09,0.09,0.023,0.99648,0.336,0.67,1.04,5
0.9,0.36,0.52,0.21,0.111,0.05,0.01,0.99568,0.331,0.62,1.13,6
0.95,0.37,0.52,0.2,0.088,0.12,0.051,0.99613,0.329,0.58,1.11,6
0.64,0.57,0.12,0.23,0.12,0.25,0.036,0.99519,0.347,0.71,1.13,7
0.8,0.59,0.05,0.2,0.089,0.12,0.032,0.99735,0.336,0.61,1,5
0.85,0.47,0.27,0.19,0.058,0.18,0.038,0.99518,0.316,0.85,1.11,6
0.71,0.56,0.14,0.16,0.078,0.07,0.018,0.99592,0.327,0.62,0.93,5
0.66,0.57,0.02,0.21,0.115,0.06,0.016,0.99654,0.338,0.69,0.95,5
0.88,0.27,0.39,0.2,0.1,0.2,0.027,0.99546,0.315,0.69,1.12,6
0.85,0.47,0.27,0.19,0.058,0.18,0.038,0.99518,0.316,0.85,1.11,6
0.83,0.34,0.4,0.24,0.065,0.24,0.048,0.99554,0.334,0.86,1.1,6
0.9,0.38,0.41,0.24,0.103,0.06,0.01,0.99604,0.313,0.58,1.19,7
0.85,0.66,0.2,0.21,0.097,0.23,0.113,0.99733,0.313,0.48,0.92,5
0.9,0.4,0.43,0.24,0.068,0.29,0.046,0.9943,0.32,0.6,1.22,6
0.67,0.56,0.09,0.29,0.079,0.07,0.022,0.99669,0.346,0.61,1.02,5
1.04,0.26,0.48,0.19,0.066,0.06,0.01,0.99724,0.333,0.87,1.09,6
1.04,0.26,0.48,0.19,0.066,0.06,0.01,0.99724,0.333,0.87,1.09,6
1.01,0.38,0.5,0.24,0.104,0.06,0.013,0.99643,0.322,0.65,1.16,7
0.85,0.34,0.44,0.17,0.079,0.06,0.012,0.99605,0.352,0.63,1.07,5
0.88,0.33,0.41,0.59,0.073,0.07,0.013,0.99658,0.33,0.62,1.21,7
0.72,0.41,0.3,0.21,0.083,0.35,0.072,0.997,0.344,0.52,0.94,5
0.72,0.41,0.3,0.21,0.083,0.35,0.072,0.997,0.344,0.52,0.94,5
0.84,0.59,0.29,0.26,0.109,0.31,0.119,0.99801,0.315,0.5,0.91,5
0.7,0.4,0.32,0.36,0.061,0.09,0.029,0.99416,0.328,0.49,1.13,7
1.22,0.45,0.49,0.14,0.075,0.03,0.006,0.9969,0.313,0.63,1.04,5
0.91,0.5,0.3,0.19,0.065,0.08,0.017,0.99774,0.332,0.71,1.05,6
0.95,0.86,0.26,0.19,0.079,0.13,0.028,0.99712,0.325,0.62,1,5
0.73,0.52,0.32,0.21,0.07,0.51,0.07,0.99418,0.334,0.82,1.29,6
0.91,0.5,0.3,0.19,0.065,0.08,0.017,0.99774,0.332,0.71,1.05,6
1.22,0.45,0.49,0.14,0.075,0.03,0.006,0.9969,0.313,0.63,1.04,5
0.74,0.58,0,0.2,0.064,0.07,0.011,0.99562,0.345,0.58,1.13,6
0.98,0.34,0.39,0.14,0.066,0.03,0.007,0.9947,0.319,0.55,1.14,7
0.71,0.36,0.3,0.16,0.08,0.35,0.07,0.99693,0.344,0.5,0.94,5
0.77,0.39,0.12,0.17,0.097,0.19,0.027,0.99596,0.316,0.49,0.94,5
0.97,0.295,0.4,0.15,0.073,0.14,0.021,0.99556,0.314,0.51,1.09,6
0.77,0.39,0.12,0.17,0.097,0.19,0.027,0.99596,0.316,0.49,0.94,5
0.71,0.34,0.28,0.2,0.082,0.31,0.068,0.99694,0.345,0.48,0.94,5
0.65,0.4,0.1,0.2,0.076,0.3,0.047,0.99554,0.336,0.48,0.94,6
0.71,0.34,0.28,0.2,0.082,0.31,0.068,0.99694,0.345,0.48,0.94,5
1,0.35,0.45,0.25,0.092,0.2,0.088,0.99918,0.315,0.43,0.94,5
0.77,0.6,0.06,0.2,0.079,0.19,0.041,0.99697,0.339,0.62,1.01,6
0.56,0.66,0,0.22,0.087,0.03,0.011,0.99378,0.371,0.63,1.28,7
0.56,0.66,0,0.22,0.087,0.03,0.011,0.99378,0.371,0.63,1.28,7
0.89,0.84,0.34,0.14,0.05,0.04,0.01,0.99554,0.312,0.48,0.91,6
0.64,0.69,0,0.165,0.055,0.07,0.012,0.99162,0.347,0.53,1.29,6
0.75,0.43,0.3,0.22,0.062,0.06,0.012,0.99495,0.344,0.72,1.15,7
0.99,0.35,0.38,0.15,0.058,0.31,0.047,0.99676,0.326,0.82,1.06,7
0.91,0.29,0.33,0.205,0.063,0.13,0.027,0.99516,0.326,0.84,1.17,7
0.68,0.36,0.32,0.18,0.067,0.04,0.008,0.9928,0.336,0.55,1.28,7
0.82,0.43,0.29,0.16,0.081,0.27,0.045,0.99603,0.325,0.54,1.03,5
0.68,0.36,0.32,0.18,0.067,0.04,0.008,0.9928,0.336,0.55,1.28,7
0.91,0.29,0.33,0.205,0.063,0.13,0.027,0.99516,0.326,0.84,1.17,7
0.91,0.3,0.34,0.2,0.064,0.12,0.025,0.99516,0.326,0.84,1.17,7
0.89,0.35,0.4,0.36,0.11,0.12,0.024,0.99549,0.323,0.7,1.2,7
0.96,0.5,0.36,0.28,0.116,0.26,0.055,0.99722,0.318,0.68,1.09,5
0.89,0.28,0.45,0.17,0.067,0.07,0.012,0.99354,0.325,0.55,1.23,7
0.89,0.32,0.31,0.2,0.088,0.12,0.019,0.9957,0.317,0.55,1.04,6
0.77,1.005,0.15,0.21,0.102,0.11,0.032,0.99604,0.323,0.48,1,5
0.75,0.71,0,0.16,0.092,0.22,0.031,0.99635,0.338,0.58,1,6
0.8,0.58,0.16,0.2,0.12,0.03,0.007,0.99454,0.322,0.58,1.12,6
1.05,0.39,0.46,0.22,0.075,0.14,0.027,0.99598,0.306,0.84,1.14,6
0.89,0.38,0.4,0.22,0.068,0.12,0.028,0.99486,0.327,0.75,1.26,7
0.8,0.18,0.37,0.09,0.049,0.36,0.109,0.99007,0.289,0.44,1.27,6
0.8,0.18,0.37,0.09,0.049,0.36,0.109,0.99007,0.289,0.44,1.27,6
0.7,0.5,0.14,0.18,0.078,0.1,0.023,0.99636,0.353,0.61,1.04,5
1.13,0.36,0.66,0.24,0.123,0.03,0.008,0.99642,0.32,0.53,1.19,6
1.13,0.36,0.66,0.24,0.123,0.03,0.008,0.99642,0.32,0.53,1.19,6
0.7,0.51,0.09,0.21,0.062,0.04,0.009,0.99584,0.335,0.54,1.05,5
0.82,0.32,0.42,0.23,0.098,0.03,0.009,0.99506,0.327,0.55,1.23,6
0.77,0.58,0.01,0.18,0.088,0.12,0.018,0.99568,0.332,0.56,1.05,7
0.86,0.83,0,0.28,0.095,0.17,0.043,0.99822,0.333,0.6,1.04,6
0.79,0.31,0.32,0.19,0.066,0.14,0.036,0.99364,0.341,0.56,1.26,6
0.64,0.795,0,0.22,0.065,0.28,0.052,0.99378,0.349,0.52,1.16,5
0.72,0.34,0.21,0.25,0.075,0.41,0.068,0.99586,0.337,0.54,1.01,6
0.77,0.58,0.01,0.18,0.088,0.12,0.018,0.99568,0.332,0.56,1.05,7
0.71,0.59,0,0.21,0.091,0.09,0.014,0.99488,0.342,0.55,1.15,7
0.73,0.55,0.01,0.18,0.093,0.09,0.015,0.99514,0.335,0.58,1.1,7
0.81,0.82,0,0.41,0.095,0.05,0.014,0.99854,0.336,0.53,0.96,5
0.75,0.57,0.08,0.26,0.089,0.14,0.027,0.99592,0.33,0.59,1.04,6
0.89,0.745,0.18,0.25,0.077,0.15,0.048,0.99739,0.32,0.47,0.97,6
1.01,0.37,0.34,0.24,0.085,0.05,0.017,0.99683,0.317,0.65,1.06,7
0.76,0.31,0.34,0.25,0.082,0.26,0.035,0.99356,0.322,0.59,1.25,7
0.73,0.91,0.1,0.18,0.074,0.2,0.056,0.99672,0.335,0.56,0.92,5
0.87,0.41,0.41,0.62,0.078,0.25,0.042,0.9953,0.324,0.77,1.26,7
0.89,0.5,0.21,0.22,0.088,0.21,0.039,0.99692,0.333,0.83,1.11,6
0.74,0.965,0,0.22,0.088,0.16,0.032,0.99756,0.358,0.67,1.02,5
0.69,0.49,0.19,0.17,0.079,0.13,0.026,0.99547,0.338,0.64,0.98,6
0.89,0.5,0.21,0.22,0.088,0.21,0.039,0.99692,0.333,0.83,1.11,6
0.95,0.39,0.41,0.89,0.069,0.18,0.039,0.99859,0.329,0.81,1.09,7
0.64,0.39,0.33,0.33,0.046,0.12,0.053,0.99294,0.336,0.62,1.22,6
0.69,0.44,0,0.14,0.07,0.32,0.038,0.99438,0.332,0.58,1.14,6
0.76,0.78,0,0.17,0.076,0.33,0.045,0.99612,0.331,0.62,1.07,6
0.71,0.43,0.17,0.18,0.082,0.27,0.051,0.99634,0.349,0.64,1.04,5
0.93,0.49,0.36,0.17,0.081,0.03,0.014,0.99702,0.327,0.78,1.09,6
0.93,0.5,0.36,0.18,0.084,0.06,0.017,0.99704,0.327,0.77,1.08,6
0.71,0.43,0.17,0.18,0.082,0.27,0.051,0.99634,0.349,0.64,1.04,5
0.85,0.46,0.59,0.14,0.414,0.16,0.045,0.99702,0.303,1.34,0.92,5
0.56,0.605,0.05,0.24,0.073,0.19,0.025,0.99258,0.356,0.55,1.29,5
0.83,0.33,0.42,0.23,0.07,0.09,0.02,0.99426,0.338,0.77,1.27,7
0.82,0.64,0.27,0.2,0.095,0.05,0.077,0.99747,0.313,0.62,0.91,6
0.82,0.64,0.27,0.2,0.095,0.05,0.077,0.99747,0.313,0.62,0.91,6
0.89,0.48,0.53,0.4,0.101,0.03,0.01,0.99586,0.321,0.59,1.21,7
0.76,0.42,0.25,0.39,0.104,0.28,0.09,0.99784,0.315,0.57,0.91,5
0.99,0.53,0.57,0.24,0.093,0.3,0.052,0.9971,0.319,0.76,1.16,7
0.89,0.48,0.53,0.4,0.101,0.03,0.01,0.99586,0.321,0.59,1.21,7
1.16,0.23,0.57,0.18,0.074,0.03,0.008,0.9981,0.314,0.7,0.99,6
0.91,0.4,0.5,0.18,0.071,0.07,0.016,0.99462,0.321,0.69,1.25,8
0.8,0.38,0.44,0.19,0.098,0.06,0.015,0.9956,0.33,0.64,1.14,6
1.02,0.29,0.65,0.24,0.075,0.06,0.017,0.99565,0.322,0.63,1.18,6
0.82,0.74,0.09,0.2,0.067,0.05,0.01,0.99418,0.328,0.57,1.18,6
0.77,0.61,0.18,0.24,0.083,0.06,0.02,0.9963,0.329,0.6,1.02,6
0.66,0.52,0.08,0.24,0.07,0.13,0.026,0.99358,0.34,0.72,1.25,7
1.11,0.31,0.53,0.22,0.06,0.03,0.01,0.99572,0.302,0.83,1.09,7
1.11,0.31,0.53,0.22,0.06,0.03,0.01,0.99572,0.302,0.83,1.09,7
0.8,0.62,0.35,0.28,0.086,0.28,0.052,0.997,0.331,0.62,1.08,5
0.93,0.33,0.45,0.15,0.057,0.19,0.037,0.99498,0.318,0.89,1.11,7
0.75,0.77,0.2,0.81,0.098,0.3,0.092,0.99892,0.32,0.58,0.92,5
0.72,0.35,0.26,0.18,0.083,0.33,0.075,0.9968,0.34,0.58,0.95,6
0.8,0.62,0.33,0.27,0.088,0.16,0.037,0.9972,0.331,0.58,1.07,6
0.75,0.77,0.2,0.81,0.098,0.3,0.092,0.99892,0.32,0.58,0.92,5
0.91,0.25,0.34,0.2,0.071,0.45,0.067,0.99769,0.344,0.86,1.02,7
0.99,0.32,0.56,0.2,0.073,0.03,0.008,0.99534,0.315,0.73,1.14,6
0.86,0.37,0.65,0.64,0.08,0.03,0.008,0.99817,0.327,0.58,1.1,5
0.86,0.37,0.65,0.64,0.08,0.03,0.008,0.99817,0.327,0.58,1.1,5
0.79,0.3,0.68,0.83,0.05,0.375,0.278,0.99316,0.301,0.51,1.23,7
1.03,0.27,0.56,0.14,0.047,0.03,0.008,0.99471,0.316,0.51,1.18,6
0.79,0.3,0.68,0.83,0.05,0.375,0.289,0.99316,0.301,0.51,1.23,7
0.72,0.38,0.3,0.18,0.073,0.31,0.07,0.99685,0.342,0.59,0.95,6
0.87,0.42,0.45,0.24,0.072,0.32,0.059,0.99617,0.333,0.77,1.2,6
0.72,0.38,0.3,0.18,0.073,0.31,0.07,0.99685,0.342,0.59,0.95,6
0.68,0.48,0.08,0.18,0.074,0.4,0.064,0.99529,0.312,0.49,0.96,5
0.85,0.34,0.4,0.47,0.055,0.03,0.009,0.99738,0.338,0.66,1.16,7
0.79,0.19,0.42,0.16,0.057,0.18,0.03,0.994,0.329,0.69,1.12,6
1.16,0.41,0.54,0.15,0.095,0.22,0.041,0.99735,0.302,0.76,0.99,7
1.16,0.41,0.54,0.15,0.095,0.22,0.041,0.99735,0.302,0.76,0.99,7
1,0.26,0.54,0.19,0.083,0.42,0.074,0.99451,0.298,0.63,1.18,8
0.79,0.34,0.42,0.2,0.086,0.08,0.019,0.99546,0.335,0.6,1.14,6
0.7,0.54,0.09,0.2,0.081,0.1,0.016,0.99479,0.343,0.59,1.15,6
0.92,0.31,0.36,0.22,0.079,0.11,0.031,0.99615,0.333,0.86,1.2,7
0.66,0.725,0.09,0.55,0.117,0.09,0.017,0.99655,0.335,0.49,1.08,6
0.94,0.4,0.47,0.25,0.087,0.06,0.02,0.99772,0.315,0.5,1.05,5
0.66,0.725,0.09,0.55,0.117,0.09,0.017,0.99655,0.335,0.49,1.08,6
0.86,0.52,0.38,0.15,0.096,0.05,0.018,0.99666,0.32,0.52,0.94,5
0.8,0.31,0.45,0.21,0.216,0.05,0.016,0.99358,0.315,0.81,1.25,7
0.86,0.52,0.38,0.15,0.096,0.05,0.018,0.99666,0.32,0.52,0.94,5
0.84,0.34,0.42,0.21,0.072,0.23,0.036,0.99392,0.311,0.78,1.24,6
0.74,0.49,0.27,0.21,0.071,0.14,0.025,0.99388,0.335,0.63,1.2,6
0.61,0.48,0.09,0.17,0.078,0.18,0.03,0.99402,0.345,0.54,1.12,6
0.74,0.49,0.27,0.21,0.071,0.14,0.025,0.99388,0.335,0.63,1.2,6
0.8,0.48,0.34,0.22,0.073,0.16,0.025,0.9936,0.328,0.66,1.24,6
0.63,0.57,0.28,0.21,0.048,0.13,0.049,0.99374,0.341,0.6,1.28,5
0.82,0.23,0.42,0.19,0.069,0.09,0.017,0.99376,0.321,0.54,1.23,6
0.91,0.3,0.41,0.2,0.068,0.1,0.024,0.99523,0.327,0.85,1.17,7
0.81,0.78,0.1,0.33,0.09,0.04,0.013,0.99855,0.336,0.49,0.95,5
1.08,0.47,0.43,0.21,0.171,0.27,0.066,0.9982,0.317,0.76,1.08,6
0.83,0.53,0,0.14,0.07,0.06,0.014,0.99593,0.325,0.64,1,6
0.54,0.42,0.27,0.2,0.092,0.23,0.055,0.99471,0.378,0.64,1.23,7
0.79,0.33,0.41,0.15,0.056,0.06,0.035,0.99396,0.329,0.71,1.1,6
0.89,0.24,0.39,0.16,0.074,0.03,0.01,0.99698,0.312,0.59,0.95,6
0.5,0.4,0.5,0.43,0.046,0.29,0.08,0.9902,0.349,0.66,1.36,6
0.7,0.69,0.07,0.25,0.091,0.15,0.021,0.99572,0.338,0.6,1.13,6
0.7,0.69,0.07,0.25,0.091,0.15,0.021,0.99572,0.338,0.6,1.13,6
0.7,0.69,0.07,0.25,0.091,0.15,0.021,0.99572,0.338,0.6,1.13,6
0.71,0.39,0.12,0.21,0.065,0.14,0.024,0.99252,0.33,0.53,1.33,6
0.56,0.66,0,0.25,0.066,0.07,0.015,0.99256,0.352,0.58,1.29,5
0.79,0.54,0.34,0.25,0.076,0.08,0.017,0.99235,0.32,0.72,1.31,8
0.66,0.5,0,0.18,0.062,0.21,0.028,0.99352,0.344,0.55,1.23,6
0.63,0.47,0,0.14,0.055,0.27,0.033,0.9922,0.345,0.48,1.23,6
1.07,0.4,0.37,0.19,0.081,0.17,0.029,0.99674,0.312,0.65,1.12,6
0.65,0.58,0,0.22,0.096,0.03,0.013,0.99557,0.362,0.62,1.15,4
0.88,0.24,0.35,0.17,0.055,0.13,0.027,0.99394,0.314,0.59,1.13,7
0.58,0.29,0.26,0.17,0.063,0.03,0.011,0.9915,0.339,0.54,1.35,6
0.63,0.76,0,0.29,0.072,0.26,0.052,0.99379,0.351,0.6,1.15,6
1,0.43,0.33,0.27,0.095,0.28,0.089,0.9984,0.322,0.68,1,5
1.05,0.43,0.35,0.33,0.092,0.24,0.07,0.99798,0.321,0.69,1.05,6
0.91,0.6,0,0.19,0.058,0.05,0.01,0.9977,0.318,0.63,1.04,6
0.59,0.19,0.21,0.17,0.045,0.57,0.135,0.99341,0.332,0.44,0.95,5
0.74,0.36,0.34,0.18,0.075,0.18,0.038,0.9933,0.338,0.88,1.36,7
0.72,0.48,0.07,0.55,0.089,0.1,0.018,0.99684,0.337,0.68,1.12,7
0.85,0.28,0.35,0.17,0.061,0.06,0.015,0.99524,0.33,0.74,1.18,7
0.8,0.25,0.43,0.17,0.067,0.22,0.05,0.9946,0.338,0.6,1.19,6
1.04,0.52,0.45,0.2,0.08,0.06,0.013,0.99774,0.322,0.76,1.14,6
1.04,0.52,0.45,0.2,0.08,0.06,0.013,0.99774,0.322,0.76,1.14,6
0.75,0.41,0.15,0.37,0.104,0.29,0.094,0.99786,0.314,0.58,0.91,5
0.82,0.51,0.24,0.2,0.079,0.16,0.086,0.99764,0.334,0.64,0.95,6
0.73,0.4,0.3,0.17,0.08,0.33,0.079,0.9969,0.341,0.65,0.95,6
0.82,0.38,0.32,0.25,0.08,0.24,0.071,0.99624,0.327,0.85,1.1,6
0.69,0.45,0.11,0.24,0.043,0.06,0.012,0.99354,0.33,0.65,1.14,6
0.7,0.22,0.3,0.18,0.065,0.16,0.02,0.99672,0.361,0.82,1,6
0.73,0.32,0.23,0.23,0.066,0.35,0.07,0.99588,0.343,0.62,1.01,5
0.82,0.2,0.43,0.25,0.076,0.31,0.051,0.99672,0.353,0.81,1.04,6
0.78,0.5,0.12,0.18,0.178,0.06,0.021,0.996,0.328,0.87,0.98,6
1,0.41,0.45,0.62,0.071,0.06,0.014,0.99702,0.321,0.49,1.18,7
0.78,0.39,0.42,0.2,0.086,0.09,0.021,0.99526,0.339,0.66,1.16,6
1,0.35,0.47,0.2,0.061,0.06,0.011,0.99585,0.323,0.52,1.2,6
0.82,0.33,0.32,0.28,0.067,0.04,0.012,0.99473,0.33,0.76,1.28,7
0.61,0.58,0.23,0.25,0.044,0.16,0.07,0.99352,0.346,0.65,1.25,6
0.83,0.6,0.25,0.22,0.118,0.09,0.038,0.99616,0.315,0.53,0.98,5
0.96,0.42,0.35,0.21,0.083,0.17,0.038,0.99622,0.323,0.66,1.11,6
0.66,0.58,0,0.22,0.1,0.5,0.063,0.99544,0.359,0.68,1.14,6
0.83,0.6,0.25,0.22,0.118,0.09,0.038,0.99616,0.315,0.53,0.98,5
0.85,0.18,0.51,0.175,0.071,0.45,0.088,0.99524,0.333,0.76,1.18,7
0.51,0.51,0.18,0.21,0.042,0.16,0.101,0.9924,0.346,0.87,1.29,7
0.67,0.41,0.43,0.28,0.076,0.22,0.054,0.99572,0.342,1.16,1.06,6
1.02,0.41,0.43,0.22,0.11,0.11,0.037,0.99728,0.316,0.67,1.08,5
1.06,0.36,0.57,0.23,0.087,0.06,0.02,0.99676,0.314,0.72,1.11,7
0.88,0.45,0.43,0.14,0.076,0.12,0.021,0.99551,0.321,0.75,1.02,6
0.85,0.32,0.42,0.23,0.075,0.12,0.019,0.99434,0.314,0.71,1.18,7
0.9,0.785,0.24,0.17,0.078,0.1,0.021,0.99692,0.329,0.67,1,5
0.9,0.785,0.24,0.17,0.078,0.1,0.021,0.99692,0.329,0.67,1,5
0.85,0.44,0.5,0.19,0.369,0.15,0.038,0.99634,0.301,1.1,0.94,5
0.99,0.54,0.26,0.2,0.111,0.07,0.06,0.99709,0.294,0.98,1.02,5
0.82,0.33,0.39,0.25,0.074,0.29,0.048,0.99528,0.332,0.88,1.24,7
0.65,0.34,0.27,0.28,0.067,0.08,0.044,0.99384,0.321,0.56,1.2,6
0.76,0.5,0.29,0.23,0.086,0.05,0.014,0.99502,0.332,0.62,1.15,6
0.92,0.36,0.34,0.16,0.062,0.05,0.012,0.99667,0.32,0.67,1.05,6
0.71,0.59,0,0.22,0.078,0.26,0.044,0.99522,0.342,0.68,1.08,6
0.97,0.42,0.46,0.21,0.074,0.05,0.016,0.99649,0.327,0.74,1.23,6
0.76,0.36,0.31,0.17,0.079,0.26,0.065,0.99716,0.346,0.62,0.95,6
0.76,0.36,0.31,0.17,0.079,0.26,0.065,0.99716,0.346,0.62,0.95,6
0.65,0.61,0,0.22,0.095,0.48,0.059,0.99541,0.361,0.7,1.15,6
0.65,0.88,0.03,0.56,0.079,0.23,0.047,0.99572,0.358,0.5,1.12,4
0.71,0.66,0,0.24,0.052,0.06,0.011,0.99318,0.335,0.66,1.27,7
0.56,0.915,0,0.21,0.041,0.17,0.078,0.99346,0.368,0.73,1.14,5
0.82,0.35,0.33,0.24,0.076,0.11,0.047,0.99599,0.327,0.81,1.1,6
0.82,0.35,0.33,0.24,0.076,0.11,0.047,0.99599,0.327,0.81,1.1,6
0.98,0.39,0.43,0.165,0.068,0.05,0.011,0.99478,0.319,0.46,1.14,5
1.02,0.4,0.4,0.25,0.068,0.41,0.054,0.99754,0.338,0.86,1.05,6
0.68,0.66,0.07,0.16,0.07,0.16,0.061,0.99572,0.329,0.6,0.93,5
0.67,0.64,0.23,0.21,0.08,0.11,0.119,0.99538,0.336,0.7,1.09,5
0.7,0.43,0.3,0.2,0.085,0.06,0.039,0.99346,0.333,0.46,1.19,6
0.66,0.8,0.03,0.78,0.079,0.06,0.012,0.9963,0.352,0.5,1.22,5
0.7,0.43,0.3,0.2,0.085,0.06,0.039,0.99346,0.333,0.46,1.19,6
0.67,0.64,0.23,0.21,0.08,0.11,0.119,0.99538,0.336,0.7,1.09,5
0.88,0.955,0.05,0.18,0.075,0.05,0.019,0.99616,0.33,0.44,0.96,4
0.91,0.4,0.57,0.46,0.08,0.06,0.02,0.99652,0.328,0.57,1.25,6
0.65,0.885,0,0.23,0.166,0.06,0.012,0.99551,0.356,0.51,1.08,5
0.72,0.25,0.37,0.25,0.063,0.11,0.041,0.99439,0.352,0.8,1.24,7
0.64,0.885,0,0.23,0.166,0.06,0.012,0.99551,0.356,0.51,1.08,5
0.7,0.745,0.12,0.18,0.114,0.15,0.064,0.99588,0.322,0.59,0.95,6
0.62,0.43,0.22,0.18,0.078,0.21,0.056,0.99633,0.352,0.6,0.95,6
0.79,0.58,0.23,0.23,0.076,0.23,0.094,0.99686,0.321,0.58,0.95,6
0.77,0.57,0.21,0.15,0.069,0.04,0.009,0.99458,0.316,0.54,0.98,6
0.77,0.26,0.26,0.2,0.052,0.19,0.077,0.9951,0.315,0.79,1.09,6
0.79,0.58,0.23,0.23,0.076,0.23,0.094,0.99686,0.321,0.58,0.95,6
0.77,0.57,0.21,0.15,0.069,0.04,0.009,0.99458,0.316,0.54,0.98,6
0.79,0.34,0.36,0.19,0.065,0.05,0.01,0.99419,0.327,0.54,1.12,7
0.86,0.42,0.39,0.18,0.068,0.06,0.012,0.99516,0.335,0.69,1.17,8
0.99,0.74,0.19,0.58,0.111,0.33,0.076,0.99878,0.314,0.55,0.94,5
0.72,0.36,0.46,0.21,0.074,0.24,0.044,0.99534,0.34,0.85,1.1,7
0.72,0.36,0.46,0.21,0.074,0.24,0.044,0.99534,0.34,0.85,1.1,7
0.72,0.36,0.46,0.21,0.074,0.24,0.044,0.99534,0.34,0.85,1.1,7
0.99,0.72,0.55,0.17,0.136,0.24,0.052,0.99752,0.335,0.94,1,5
0.72,0.36,0.46,0.21,0.074,0.24,0.044,0.99534,0.34,0.85,1.1,7
0.62,0.39,0.43,0.2,0.071,0.14,0.024,0.99428,0.345,0.87,1.12,7
0.68,0.65,0.02,0.21,0.078,0.08,0.015,0.99498,0.335,0.62,1.04,6
0.66,0.44,0.15,0.21,0.076,0.22,0.053,0.9957,0.332,0.62,0.93,5
0.68,0.65,0.02,0.21,0.078,0.08,0.015,0.99498,0.335,0.62,1.04,6
0.96,0.38,0.42,0.19,0.071,0.05,0.013,0.99659,0.315,0.75,1.05,6
1.02,0.33,0.46,0.19,0.081,0.06,0.009,0.99628,0.31,0.48,1.04,6
0.88,0.27,0.46,0.21,0.095,0.2,0.029,0.99488,0.326,0.56,1.13,6
0.79,0.57,0.31,0.2,0.079,0.1,0.079,0.99677,0.329,0.69,0.95,6
0.82,0.34,0.37,0.19,0.057,0.43,0.074,0.99408,0.323,0.81,1.2,6
0.82,0.4,0.31,0.19,0.082,0.08,0.024,0.996,0.324,0.69,1.06,6
0.9,0.39,0.4,0.13,0.044,0.25,0.05,0.99478,0.32,0.83,1.09,6
1.09,0.32,0.52,0.18,0.132,0.17,0.044,0.99734,0.328,0.77,1.15,6
1.09,0.32,0.52,0.18,0.132,0.17,0.044,0.99734,0.328,0.77,1.15,6
0.81,0.53,0.22,0.22,0.078,0.33,0.089,0.99678,0.326,0.46,0.96,6
1.05,0.36,0.47,0.22,0.074,0.09,0.023,0.99638,0.323,0.76,1.2,6
1.26,0.39,0.49,0.25,0.08,0.08,0.02,0.9992,0.307,0.82,1.03,6
0.92,0.46,0.23,0.26,0.091,0.18,0.077,0.99922,0.315,0.51,0.94,5
0.75,0.58,0.03,0.41,0.08,0.27,0.046,0.99592,0.302,0.47,0.92,5
0.9,0.58,0.25,0.2,0.104,0.08,0.021,0.99769,0.327,0.72,0.96,5
0.51,0.42,0,0.18,0.044,0.18,0.088,0.99157,0.368,0.73,1.36,7
0.76,0.43,0.29,0.21,0.075,0.19,0.066,0.99718,0.34,0.64,0.95,5
0.77,0.18,0.34,0.27,0.066,0.15,0.058,0.9947,0.337,0.78,1.18,6
0.78,0.815,0.01,0.26,0.074,0.48,0.09,0.99621,0.338,0.62,1.08,5
0.76,0.43,0.29,0.21,0.075,0.19,0.066,0.99718,0.34,0.64,0.95,5
1.02,0.23,0.37,0.22,0.057,0.14,0.036,0.99614,0.323,0.49,0.93,4
0.71,0.75,0.01,0.22,0.059,0.11,0.018,0.99242,0.339,0.4,1.28,6
0.6,0.33,0.32,1.29,0.054,0.06,0.113,0.99572,0.33,0.56,1.15,4
0.78,0.55,0,0.17,0.07,0.07,0.017,0.99659,0.326,0.64,0.94,6
0.71,0.75,0.01,0.22,0.059,0.11,0.018,0.99242,0.339,0.4,1.28,6
0.81,0.73,0,0.25,0.081,0.12,0.024,0.99798,0.338,0.46,0.96,4
0.65,0.67,0,0.43,0.057,0.11,0.02,0.99488,0.345,0.56,1.18,4
0.75,0.61,0.2,0.17,0.076,0.36,0.06,0.99494,0.31,0.4,0.93,5
0.98,0.37,0.39,0.25,0.079,0.28,0.065,0.99729,0.316,0.59,0.98,5
0.9,0.4,0.41,0.2,0.058,0.15,0.04,0.99414,0.322,0.6,1.22,6
0.83,0.56,0.22,0.24,0.082,0.1,0.086,0.9983,0.337,0.62,0.95,5
0.59,0.29,0.25,1.34,0.067,0.72,0.16,0.99721,0.333,0.54,1.03,6
0.74,0.55,0.19,0.18,0.082,0.15,0.034,0.99655,0.349,0.68,1.05,5
0.74,0.74,0.07,0.17,0.086,0.15,0.048,0.99502,0.312,0.48,1,5
0.74,0.55,0.19,0.18,0.082,0.15,0.034,0.99655,0.349,0.68,1.05,5
0.69,0.41,0.33,0.22,0.081,0.22,0.036,0.9949,0.341,0.75,1.11,6
0.71,0.6,0.01,0.23,0.079,0.24,0.037,0.99514,0.34,0.61,1.09,6
0.71,0.6,0.01,0.23,0.079,0.24,0.037,0.99514,0.34,0.61,1.09,6
0.75,0.58,0.14,0.22,0.077,0.27,0.06,0.9963,0.328,0.59,0.98,5
0.71,0.72,0,0.18,0.123,0.06,0.014,0.99627,0.345,0.58,0.98,5
0.79,0.66,0,0.14,0.096,0.06,0.013,0.99569,0.343,0.58,0.95,5
0.78,0.7,0.06,0.19,0.079,0.2,0.035,0.99628,0.34,0.69,1.09,5
0.61,0.64,0.02,0.24,0.069,0.26,0.046,0.99358,0.347,0.45,1.1,5
0.75,0.59,0.22,0.18,0.082,0.43,0.06,0.99499,0.31,0.42,0.92,5
0.7,0.58,0.28,0.48,0.085,0.12,0.069,0.99633,0.332,0.7,1.1,6
0.68,0.64,0,0.27,0.123,0.15,0.033,0.99538,0.344,0.63,1.13,6
0.68,0.64,0,0.27,0.123,0.15,0.033,0.99538,0.344,0.63,1.13,6
0.86,0.635,0.68,0.18,0.403,0.19,0.056,0.99632,0.302,1.15,0.93,5
0.63,1.02,0,0.2,0.083,0.17,0.024,0.99437,0.359,0.55,1.12,4
0.98,0.45,0.38,0.25,0.081,0.34,0.066,0.99726,0.315,0.58,0.98,5
0.82,0.78,0,0.22,0.089,0.13,0.026,0.9978,0.337,0.46,0.96,4
0.85,0.37,0.32,0.18,0.066,0.26,0.051,0.99456,0.338,0.72,1.18,6
0.72,0.57,0.05,0.23,0.081,0.16,0.036,0.99564,0.338,0.6,1.03,6
0.72,0.57,0.05,0.23,0.081,0.16,0.036,0.99564,0.338,0.6,1.03,6
1.04,0.43,0.5,0.23,0.068,0.13,0.019,0.996,0.31,0.87,1.14,6
0.69,0.41,0.31,0.2,0.079,0.21,0.051,0.99668,0.347,0.55,0.95,6
0.55,0.49,0.03,0.18,0.044,0.28,0.087,0.9908,0.35,0.82,1.4,8
0.5,0.38,0.01,0.16,0.048,0.26,0.06,0.99084,0.37,0.75,1.4,6
0.73,0.44,0.2,0.16,0.049,0.24,0.064,0.9935,0.338,0.57,1.17,6
0.59,0.46,0,0.19,0.077,0.25,0.044,0.99385,0.35,0.53,1.12,5
0.75,0.58,0.2,0.2,0.073,0.34,0.044,0.99494,0.31,0.43,0.93,5
0.78,0.58,0.13,0.21,0.102,0.17,0.036,0.9944,0.324,0.53,1.12,6
0.8,0.715,0.22,0.23,0.075,0.13,0.081,0.99688,0.324,0.54,0.95,6
0.85,0.4,0.4,0.63,0.05,0.03,0.01,0.99566,0.328,0.56,1.2,4
0.7,0.69,0,0.19,0.114,0.03,0.01,0.99636,0.335,0.6,0.97,6
0.8,0.715,0.22,0.23,0.075,0.13,0.081,0.99688,0.324,0.54,0.95,6
0.98,0.3,0.39,0.17,0.062,0.03,0.009,0.9948,0.314,0.57,1.15,7
0.71,0.46,0.2,0.19,0.077,0.28,0.054,0.9956,0.337,0.64,1.04,6
0.71,0.46,0.2,0.19,0.077,0.28,0.054,0.9956,0.337,0.64,1.04,6
0.79,0.765,0,0.2,0.084,0.09,0.022,0.99619,0.333,0.68,1.09,6
0.87,0.63,0.28,0.27,0.096,0.17,0.069,0.99734,0.326,0.63,1.02,6
0.7,0.42,0.19,0.23,0.071,0.18,0.036,0.99476,0.339,0.56,1.09,5
1.13,0.37,0.5,0.18,0.09,0.2,0.047,0.99734,0.315,0.57,1.05,5
0.71,0.16,0.44,0.25,0.068,0.17,0.031,0.99328,0.335,0.54,1.24,6
0.8,0.6,0.08,0.26,0.056,0.03,0.007,0.99286,0.322,0.37,1.3,5
0.7,0.6,0.3,0.45,0.068,0.2,0.11,0.99914,0.33,1.17,1.02,5
0.7,0.6,0.3,0.45,0.068,0.2,0.11,0.99914,0.33,1.17,1.02,5
0.76,0.74,0,0.19,0.1,0.06,0.012,0.99521,0.336,0.59,1.1,5
0.82,0.635,0.1,0.21,0.073,0.25,0.06,0.99638,0.329,0.75,1.09,6
0.59,0.395,0.13,0.24,0.056,0.14,0.028,0.99362,0.362,0.67,1.24,6
0.75,0.755,0,0.19,0.084,0.06,0.012,0.99672,0.334,0.49,0.97,4
0.82,0.635,0.1,0.21,0.073,0.25,0.06,0.99638,0.329,0.75,1.09,6
0.66,0.63,0,0.43,0.093,0.51,0.0775,0.99558,0.32,0.45,0.95,5
0.66,0.63,0,0.43,0.093,0.51,0.0775,0.99558,0.32,0.45,0.95,5
0.72,0.53,0.14,0.21,0.064,0.15,0.029,0.99323,0.335,0.61,1.21,6
0.57,0.6,0,0.14,0.063,0.11,0.018,0.99191,0.345,0.56,1.22,6
0.76,1.58,0,0.21,0.137,0.05,0.009,0.99476,0.35,0.4,1.09,3
0.52,0.645,0,0.215,0.08,0.15,0.028,0.99444,0.378,0.61,1.25,6
0.67,0.86,0.07,0.2,0.1,0.2,0.057,0.99598,0.36,0.74,1.17,6
0.91,0.37,0.32,0.21,0.064,0.04,0.015,0.99576,0.33,0.8,1.12,6
0.8,0.28,0.44,0.18,0.081,0.28,0.068,0.99501,0.336,0.66,1.12,5
0.76,0.79,0.21,0.23,0.087,0.21,0.068,0.9955,0.312,0.44,0.92,5
0.75,0.61,0.26,0.19,0.073,0.24,0.088,0.99612,0.33,0.53,0.98,5
0.97,0.69,0.32,0.25,0.088,0.22,0.091,0.9979,0.329,0.62,1.01,5
0.68,0.68,0.09,0.39,0.068,0.15,0.029,0.99524,0.341,0.52,1.11,4
0.97,0.69,0.32,0.25,0.088,0.22,0.091,0.9979,0.329,0.62,1.01,5
0.7,0.62,0.1,0.14,0.071,0.27,0.063,0.996,0.328,0.61,0.92,5
0.75,0.61,0.26,0.19,0.073,0.24,0.088,0.99612,0.33,0.53,0.98,5
0.65,0.51,0.15,0.3,0.064,0.12,0.027,0.9929,0.333,0.59,1.28,6
0.8,1.18,0.21,0.19,0.083,0.14,0.041,0.99532,0.334,0.47,1.05,5
0.7,0.36,0.21,0.23,0.086,0.2,0.065,0.99558,0.34,0.54,1.01,6
0.7,0.36,0.21,0.24,0.086,0.24,0.069,0.99556,0.34,0.53,1.01,6
0.75,0.63,0.27,0.2,0.083,0.17,0.091,0.99616,0.326,0.58,0.98,6
0.54,0.74,0,0.12,0.041,0.16,0.046,0.99258,0.401,0.59,1.25,6
0.99,0.44,0.46,0.22,0.091,0.1,0.041,0.99638,0.318,0.69,1.19,6
0.75,0.63,0.27,0.2,0.083,0.17,0.091,0.99616,0.326,0.58,0.98,6
0.91,0.76,0.68,0.17,0.414,0.18,0.064,0.99652,0.29,1.33,0.91,6
0.97,0.66,0.34,0.26,0.094,0.12,0.088,0.99796,0.326,0.66,1.01,5
0.5,0.74,0,0.12,0.041,0.16,0.046,0.99258,0.401,0.59,1.25,6
0.91,0.34,0.42,0.18,0.058,0.09,0.018,0.99392,0.318,0.55,1.14,5
0.91,0.36,0.39,0.18,0.06,0.21,0.055,0.99495,0.318,0.82,1.1,7
0.67,0.46,0.24,0.17,0.077,0.18,0.034,0.9948,0.339,0.6,1.06,6
0.67,0.46,0.24,0.17,0.077,0.18,0.034,0.9948,0.339,0.6,1.06,6
0.67,0.46,0.24,0.17,0.077,0.18,0.034,0.9948,0.339,0.6,1.06,6
0.67,0.46,0.24,0.17,0.077,0.18,0.034,0.9948,0.339,0.6,1.06,6
0.65,0.52,0.11,0.18,0.073,0.13,0.038,0.9955,0.334,0.52,0.93,5
0.74,0.6,0.26,0.21,0.083,0.17,0.091,0.99616,0.329,0.56,0.98,6
0.74,0.6,0.26,0.21,0.083,0.17,0.091,0.99616,0.329,0.56,0.98,6
0.78,0.87,0.26,0.38,0.107,0.31,0.067,0.99668,0.326,0.46,0.92,5
0.84,0.39,0.1,0.17,0.075,0.06,0.025,0.99581,0.309,0.43,0.97,6
0.91,0.775,0.22,0.22,0.079,0.12,0.048,0.9976,0.318,0.51,0.96,5
0.72,0.835,0,0.2,0.166,0.04,0.011,0.99608,0.339,0.52,1,5
0.66,0.58,0.02,0.24,0.069,0.19,0.04,0.99387,0.338,0.66,1.26,6
0.6,0.5,0,0.14,0.057,0.15,0.026,0.99448,0.336,0.45,0.95,5
0.6,0.5,0,0.14,0.057,0.15,0.026,0.99448,0.336,0.45,0.95,5
0.6,0.5,0,0.14,0.057,0.15,0.026,0.99448,0.336,0.45,0.95,5
0.75,0.51,0.02,0.17,0.084,0.13,0.031,0.99538,0.336,0.54,1.05,6
0.75,0.51,0.02,0.17,0.084,0.13,0.031,0.99538,0.336,0.54,1.05,6
0.75,0.51,0.02,0.17,0.084,0.13,0.031,0.99538,0.336,0.54,1.05,6
0.76,0.54,0.02,0.17,0.085,0.17,0.031,0.99589,0.337,0.51,1.04,6
0.75,0.51,0.02,0.17,0.084,0.13,0.031,0.99538,0.336,0.54,1.05,6
1.15,0.42,0.48,0.26,0.077,0.08,0.02,0.99852,0.309,0.53,1.1,5
0.82,0.44,0.24,0.23,0.063,0.1,0.028,0.99613,0.325,0.53,1.02,6
0.61,0.59,0.01,0.21,0.056,0.05,0.013,0.99472,0.352,0.56,1.14,5
0.72,0.655,0.03,0.18,0.078,0.07,0.012,0.99587,0.334,0.39,0.95,5
0.72,0.655,0.03,0.18,0.078,0.07,0.012,0.99587,0.334,0.39,0.95,5
0.69,0.57,0,0.28,0.081,0.21,0.041,0.99518,0.341,0.52,1.08,5
0.9,0.6,0.29,0.2,0.069,0.32,0.073,0.99654,0.334,0.57,1,5
0.72,0.62,0.01,0.23,0.065,0.08,0.046,0.99332,0.332,0.51,1.18,6
0.76,0.645,0.03,0.19,0.086,0.14,0.057,0.9969,0.337,0.46,1.03,5
0.76,0.645,0.03,0.19,0.086,0.14,0.057,0.9969,0.337,0.46,1.03,5
0.72,0.58,0.03,0.23,0.077,0.07,0.028,0.99568,0.335,0.52,1,5
0.61,0.32,0.25,0.18,0.086,0.05,0.032,0.99464,0.336,0.44,1.01,5
0.61,0.34,0.25,0.18,0.084,0.04,0.028,0.99464,0.336,0.44,1.01,5
0.73,0.43,0.24,0.25,0.078,0.27,0.067,0.99648,0.36,0.59,1.11,6
0.74,0.64,0.17,0.54,0.168,0.52,0.098,0.99736,0.328,0.5,0.95,5
1.16,0.475,0.4,0.14,0.091,0.06,0.028,0.99704,0.307,0.65,1.003333333,6
0.92,0.54,0.31,0.23,0.112,0.11,0.038,0.99699,0.324,0.56,1.09,5
0.83,0.85,0.14,0.25,0.093,0.13,0.054,0.99724,0.336,0.54,1.01,5
1.16,0.475,0.4,0.14,0.091,0.06,0.028,0.99704,0.307,0.65,1.003333333,6
0.8,0.83,0.27,0.2,0.08,0.11,0.063,0.99652,0.329,0.48,0.98,4
0.72,0.605,0.02,0.19,0.096,0.1,0.031,0.995,0.346,0.53,1.18,6
0.78,0.5,0.09,0.22,0.115,0.1,0.042,0.9971,0.318,0.62,0.95,5
0.73,0.74,0.08,0.17,0.094,0.1,0.045,0.99576,0.324,0.5,0.98,5
0.69,0.54,0.3,0.22,0.088,0.09,0.105,0.99725,0.325,1.18,1.05,6
0.8,0.77,0.32,0.21,0.079,0.16,0.074,0.99656,0.327,0.5,0.98,6
0.66,0.61,0,0.16,0.069,0.04,0.008,0.99396,0.333,0.37,1.04,4
0.87,0.78,0.51,0.17,0.415,0.12,0.066,0.99623,0.3,1.17,0.92,5
0.75,0.58,0.56,0.31,0.153,0.05,0.014,0.99476,0.321,1.03,1.16,6
0.87,0.78,0.51,0.17,0.415,0.12,0.066,0.99623,0.3,1.17,0.92,5
0.77,0.75,0.27,0.38,0.11,0.34,0.089,0.99664,0.324,0.45,0.93,5
0.68,0.815,0,0.12,0.267,0.16,0.029,0.99471,0.332,0.51,0.98,3
0.72,0.56,0.26,0.2,0.083,0.13,0.1,0.99586,0.326,0.52,0.99,5
0.82,0.885,0.2,0.14,0.086,0.07,0.031,0.9946,0.311,0.46,1,5
0.52,0.49,0.26,0.23,0.09,0.23,0.074,0.9953,0.371,0.62,1.22,6
0.72,0.45,0.15,0.2,0.078,0.1,0.028,0.99609,0.329,0.51,0.99,6
0.75,0.57,0.02,0.26,0.077,0.11,0.035,0.99557,0.336,0.62,1.08,6
0.75,0.57,0.02,0.26,0.077,0.11,0.035,0.99557,0.336,0.62,1.08,6
0.68,0.83,0.09,0.18,0.074,0.04,0.025,0.99534,0.338,0.45,0.96,5
0.8,0.6,0.22,0.21,0.08,0.25,0.105,0.99613,0.33,0.49,0.99,5
0.8,0.6,0.22,0.21,0.08,0.25,0.105,0.99613,0.33,0.49,0.99,5
0.71,0.755,0.15,0.18,0.107,0.2,0.084,0.99593,0.319,0.5,0.95,5
0.8,0.81,0.25,0.34,0.076,0.34,0.085,0.99668,0.319,0.42,0.92,5
0.74,0.64,0.07,0.18,0.1,0.08,0.023,0.9961,0.33,0.58,0.96,5
0.74,0.64,0.07,0.18,0.1,0.08,0.023,0.9961,0.33,0.58,0.96,5
0.66,0.64,0.31,0.61,0.083,0.07,0.049,0.99718,0.335,0.68,1.03,5
0.67,0.48,0.02,0.22,0.08,0.36,0.111,0.99524,0.31,0.53,0.97,5
0.6,0.49,0,0.23,0.068,0.15,0.033,0.99292,0.358,0.59,1.25,6
0.8,0.64,0.22,0.24,0.094,0.05,0.033,0.99612,0.337,0.58,1.1,5
0.71,0.62,0.06,0.13,0.07,0.05,0.012,0.9942,0.317,0.48,0.98,5
0.8,0.52,0.25,0.2,0.078,0.19,0.059,0.99612,0.33,0.48,1.02,5
0.64,0.57,0.14,0.39,0.07,0.27,0.073,0.99669,0.332,0.48,0.92,5
0.86,0.685,0.1,0.16,0.092,0.03,0.012,0.99745,0.331,0.65,0.955,6
0.87,0.675,0.1,0.16,0.09,0.04,0.011,0.99745,0.331,0.65,0.955,5
0.73,0.59,0.26,0.2,0.08,0.17,0.104,0.99584,0.328,0.52,0.99,5
0.7,0.6,0.12,0.22,0.083,0.13,0.028,0.9966,0.352,0.62,1.02,7
0.72,0.67,0,0.22,0.068,0.1,0.024,0.9956,0.342,0.72,1.11,6
0.79,0.69,0.21,0.21,0.08,0.33,0.141,0.9962,0.325,0.51,0.99,5
0.79,0.69,0.21,0.21,0.08,0.33,0.141,0.9962,0.325,0.51,0.99,5
0.76,0.3,0.42,0.2,0.052,0.06,0.024,0.9963,0.344,0.82,1.19,6
0.72,0.33,0.33,0.17,0.061,0.03,0.013,0.996,0.323,1.1,1,8
0.8,0.5,0.39,0.26,0.082,0.12,0.046,0.9985,0.343,0.62,1.07,6
0.77,0.28,0.3,0.2,0.062,0.18,0.034,0.9952,0.328,0.9,1.13,7
0.82,0.24,0.34,0.51,0.062,0.08,0.022,0.9974,0.322,0.94,1.09,6
0.6,0.51,0,0.21,0.064,0.4,0.054,0.995,0.354,0.93,1.07,6
0.81,0.29,0.36,0.22,0.048,0.35,0.053,0.995,0.327,1.01,1.24,7
0.6,0.51,0,0.21,0.064,0.4,0.054,0.995,0.354,0.93,1.07,6
0.66,0.96,0,0.18,0.082,0.05,0.016,0.9936,0.35,0.44,1.19,6
0.64,0.47,0.4,0.24,0.071,0.08,0.019,0.9963,0.356,0.73,1.06,6
0.82,0.24,0.34,0.51,0.062,0.08,0.022,0.9974,0.322,0.94,1.09,6
0.99,0.57,0.25,0.2,0.104,0.12,0.089,0.9963,0.304,0.9,1.01,5
1,0.32,0.59,0.22,0.077,0.03,0.015,0.9994,0.32,0.78,0.96,5
0.62,0.58,0,0.16,0.065,0.08,0.018,0.9966,0.356,0.84,0.94,5
1,0.32,0.59,0.22,0.077,0.03,0.015,0.9994,0.32,0.78,0.96,5
0.73,0.34,0.33,0.25,0.064,0.21,0.037,0.9952,0.335,0.77,1.21,7
0.78,0.53,0.01,0.16,0.077,0.03,0.019,0.995,0.316,0.46,0.98,5
0.77,0.64,0.21,0.22,0.077,0.32,0.133,0.9956,0.327,0.45,0.99,5
0.78,0.53,0.01,0.16,0.077,0.03,0.019,0.995,0.316,0.46,0.98,5
0.75,0.4,0.18,0.16,0.079,0.24,0.058,0.9965,0.334,0.58,0.94,5
0.7,0.54,0,0.21,0.079,0.39,0.055,0.9956,0.339,0.84,1.14,6
0.64,0.53,0.09,0.39,0.123,0.14,0.031,0.9968,0.35,0.67,1.1,4
0.83,0.26,0.37,0.14,0.076,0.08,0.023,0.9974,0.326,0.7,0.96,6
0.83,0.26,0.37,0.14,0.076,0.08,0.023,0.9974,0.326,0.7,0.96,6
0.77,0.23,0.37,0.18,0.046,0.23,0.06,0.9971,0.341,0.71,1.21,6
0.76,0.41,0.33,0.25,0.078,0.06,0.023,0.9957,0.33,0.58,1.12,5
0.78,0.64,0,0.19,0.072,0.27,0.055,0.9962,0.331,0.63,1.1,5
0.79,0.18,0.4,0.22,0.049,0.38,0.067,0.996,0.333,0.93,1.13,5
0.74,0.41,0.24,0.18,0.066,0.18,0.047,0.9956,0.337,0.62,1.04,5
0.76,0.43,0.31,0.21,0.069,0.13,0.074,0.9958,0.326,0.54,0.99,6
0.59,0.44,0,0.16,0.042,0.03,0.011,0.9944,0.348,0.85,1.17,6
0.61,0.4,0.16,0.18,0.069,0.11,0.025,0.9955,0.342,0.74,1.01,7
1.02,0.54,0.37,1.54,0.214,0.55,0.095,1.00369,0.318,0.77,0.9,6
1.02,0.54,0.37,1.54,0.214,0.55,0.095,1.00369,0.318,0.77,0.9,6
1,0.38,0.38,0.16,0.169,0.27,0.09,0.99914,0.315,0.65,0.85,5
0.68,0.915,0.29,0.48,0.07,0.15,0.039,0.99577,0.353,0.54,1.11,5
0.7,0.59,0,0.17,0.052,0.03,0.008,0.996,0.341,0.47,1.03,5
0.73,0.67,0.02,0.22,0.072,0.31,0.092,0.99566,0.332,0.68,1.106666667,6
0.72,0.37,0.32,0.2,0.062,0.15,0.028,0.9947,0.323,0.73,1.13,7
0.74,0.785,0.19,0.52,0.094,0.19,0.098,0.99713,0.316,0.52,0.956666667,6
0.69,0.63,0.02,0.19,0.078,0.18,0.03,0.99712,0.34,0.75,0.98,5
0.69,0.58,0.2,0.175,0.058,0.08,0.022,0.99322,0.338,0.49,1.17,5
0.73,0.67,0.02,0.22,0.072,0.31,0.092,0.99566,0.332,0.68,1.11,6
0.74,0.785,0.19,0.52,0.094,0.19,0.098,0.99713,0.316,0.52,0.96,6
0.69,0.63,0.02,0.19,0.078,0.18,0.03,0.99712,0.34,0.75,0.98,5
0.68,0.67,0,0.19,0.08,0.22,0.039,0.99701,0.34,0.74,0.97,5
0.69,0.58,0.01,0.19,0.08,0.4,0.054,0.99683,0.34,0.73,0.97,5
0.72,0.38,0.31,0.2,0.056,0.15,0.029,0.99472,0.323,0.76,1.13,8
0.72,0.37,0.32,0.2,0.062,0.15,0.028,0.9947,0.323,0.73,1.13,7
0.78,0.32,0.44,0.27,0.104,0.08,0.017,0.99732,0.333,0.78,1.1,7
0.66,0.58,0.02,0.2,0.062,0.37,0.053,0.99374,0.335,0.76,1.16,7
0.76,0.49,0.33,0.19,0.074,0.27,0.085,0.99706,0.341,0.58,0.9,5
1.17,0.45,0.63,0.22,0.073,0.07,0.023,0.99974,0.321,0.69,1.09,6
0.65,0.9,0,0.16,0.052,0.09,0.017,0.99467,0.35,0.63,1.09,6
0.6,0.54,0.06,0.18,0.05,0.38,0.089,0.99236,0.33,0.5,1.055,6
0.76,0.49,0.33,0.19,0.074,0.27,0.085,0.99706,0.341,0.58,0.9,5
0.84,0.29,0.4,0.17,0.067,0.08,0.02,0.99603,0.339,0.6,1.05,5
0.79,0.2,0.35,0.17,0.054,0.07,0.015,0.99458,0.332,0.8,1.19,7
0.64,0.42,0.09,0.23,0.054,0.34,0.064,0.99724,0.341,0.68,1.04,6
0.62,0.785,0,0.21,0.06,0.06,0.013,0.99664,0.359,0.61,1,4
0.68,0.64,0.03,0.23,0.075,0.14,0.031,0.99545,0.336,0.58,1.04,6
0.69,0.63,0.01,0.24,0.076,0.14,0.039,0.99522,0.334,0.53,1.08,6
0.68,0.59,0.1,0.17,0.063,0.34,0.053,0.9958,0.341,0.67,0.97,5
0.68,0.59,0.1,0.17,0.063,0.34,0.053,0.9958,0.341,0.67,0.97,5
0.73,0.48,0.32,0.21,0.062,0.31,0.054,0.99728,0.33,0.65,1,7
0.67,1.04,0.08,0.23,0.067,0.19,0.032,0.99648,0.352,0.57,1.1,4
0.73,0.48,0.32,0.21,0.062,0.31,0.054,0.99728,0.33,0.65,1,7
0.73,0.98,0.05,0.21,0.061,0.2,0.049,0.99705,0.331,0.55,0.97,3
1,0.69,0.11,0.14,0.084,0.08,0.024,0.99578,0.288,0.47,0.97,5
0.67,0.7,0.08,0.375,0.067,0.08,0.016,0.99334,0.343,0.52,1.26,5
0.76,0.35,0.6,0.26,0.073,0.23,0.044,0.99656,0.338,0.79,1.11,6
0.61,0.6,0.08,0.18,0.071,0.14,0.045,0.99336,0.338,0.54,1.1,5
0.99,0.5,0.5,1.38,0.205,0.48,0.082,1.00242,0.316,0.75,0.88,5
0.53,0.47,0.11,0.22,0.048,0.16,0.089,0.99182,0.354,0.88,1.356666667,7
0.99,0.5,0.5,1.38,0.205,0.48,0.082,1.00242,0.316,0.75,0.88,5
0.53,0.47,0.11,0.22,0.048,0.16,0.089,0.99182,0.354,0.88,1.36,7
0.71,0.875,0.05,0.57,0.082,0.03,0.014,0.99808,0.34,0.52,1.02,3
0.82,0.28,0.6,0.3,0.104,0.1,0.022,0.99828,0.339,0.68,1.06,5
0.56,0.62,0.03,0.15,0.08,0.06,0.013,0.99498,0.366,0.62,1.01,4
0.82,0.28,0.6,0.3,0.104,0.1,0.022,0.99828,0.339,0.68,1.06,5
0.72,0.58,0.54,0.21,0.114,0.03,0.009,0.99719,0.333,0.57,1.03,4
0.81,0.33,0.44,0.15,0.042,0.06,0.012,0.99542,0.335,0.61,1.07,5
0.68,0.91,0.06,0.2,0.06,0.04,0.011,0.99592,0.353,0.64,1.09,4
0.7,0.655,0.16,0.21,0.074,0.08,0.025,0.99606,0.337,0.55,0.97,5
0.68,0.68,0.21,0.21,0.07,0.09,0.023,0.99546,0.338,0.6,1.03,5
0.6,0.64,0.05,0.19,0.066,0.09,0.017,0.99496,0.352,0.78,1.06,5
0.56,0.54,0.04,0.17,0.049,0.05,0.013,0.9942,0.372,0.58,1.14,5
0.62,0.57,0.1,0.21,0.048,0.04,0.011,0.99448,0.344,0.76,1.08,6
0.71,0.22,0.49,0.18,0.039,0.08,0.018,0.99344,0.339,0.56,1.24,6
0.56,0.54,0.04,0.17,0.049,0.05,0.013,0.9942,0.372,0.58,1.14,5
0.62,0.65,0.06,0.16,0.05,0.06,0.018,0.99348,0.357,0.54,1.195,5
0.77,0.54,0.26,0.19,0.089,0.23,0.147,0.99636,0.326,0.59,0.97,5
0.64,0.31,0.09,0.14,0.066,0.15,0.028,0.99459,0.342,0.7,1,7
0.7,0.43,0.02,0.19,0.08,0.15,0.028,0.99492,0.335,0.81,1.06,6
0.77,0.54,0.26,0.19,0.089,0.23,0.147,0.99636,0.326,0.59,0.97,5
0.69,0.74,0.03,0.23,0.054,0.07,0.016,0.99508,0.345,0.63,1.15,6
0.66,0.895,0.04,0.23,0.068,0.07,0.013,0.99582,0.353,0.58,1.08,6
0.69,0.74,0.03,0.23,0.054,0.07,0.016,0.99508,0.345,0.63,1.15,6
0.75,0.725,0.04,0.15,0.076,0.08,0.015,0.99508,0.326,0.53,0.96,5
0.78,0.82,0.29,0.43,0.083,0.21,0.064,0.99642,0.316,0.53,0.94,5
0.73,0.585,0.18,0.24,0.078,0.15,0.06,0.99638,0.331,0.54,0.98,5
0.62,0.44,0.39,0.25,0.077,0.06,0.014,0.99555,0.351,0.69,1.1,6
0.75,0.38,0.57,0.23,0.106,0.05,0.012,0.99605,0.336,0.55,1.14,6
0.67,0.76,0.02,0.18,0.078,0.06,0.012,0.996,0.355,0.63,0.995,3
0.68,0.81,0.05,0.2,0.07,0.06,0.014,0.99562,0.351,0.66,1.08,6
0.75,0.38,0.57,0.23,0.106,0.05,0.012,0.99605,0.336,0.55,1.14,6
0.71,0.27,0.6,0.21,0.074,0.17,0.025,0.99814,0.338,0.72,1.06,6
0.79,0.18,0.4,0.18,0.062,0.07,0.02,0.9941,0.328,0.7,1.11,5
0.64,0.36,0.21,0.22,0.047,0.26,0.048,0.99661,0.347,0.77,0.97,6
0.71,0.69,0.04,0.21,0.068,0.19,0.027,0.99712,0.344,0.67,0.98,5
0.64,0.79,0.04,0.22,0.061,0.11,0.017,0.99588,0.353,0.65,1.04,6
0.64,0.56,0.15,0.18,0.078,0.17,0.065,0.99294,0.333,0.6,1.05,6
0.69,0.84,0.21,0.41,0.074,0.16,0.065,0.99842,0.353,0.72,0.923333333,6
0.69,0.84,0.21,0.41,0.074,0.16,0.065,0.99842,0.353,0.72,0.925,6
0.61,0.32,0.25,0.23,0.071,0.23,0.058,0.99633,0.342,0.97,1.06,5
0.65,0.53,0.06,0.2,0.063,0.29,0.044,0.99489,0.338,0.83,1.03,6
0.74,0.47,0.46,0.22,0.114,0.07,0.02,0.99647,0.332,0.63,1.05,5
0.66,0.7,0.08,0.26,0.106,0.14,0.027,0.99665,0.344,0.58,1.02,5
0.65,0.53,0.06,0.2,0.063,0.29,0.044,0.99489,0.338,0.83,1.03,6
0.69,0.48,0.2,0.19,0.082,0.09,0.023,0.99585,0.339,0.43,0.905,4
0.61,0.32,0.25,0.23,0.071,0.23,0.058,0.99633,0.342,0.97,1.06,5
0.68,0.48,0.25,0.2,0.076,0.29,0.061,0.9953,0.334,0.6,1.04,5
0.6,0.42,0.19,0.2,0.075,0.22,0.047,0.99522,0.339,0.78,1,6
0.67,0.48,0.08,0.21,0.064,0.18,0.034,0.99552,0.333,0.64,0.97,5
0.68,0.47,0.08,0.22,0.064,0.18,0.038,0.99553,0.33,0.65,0.96,6
0.71,0.53,0.07,0.17,0.071,0.15,0.024,0.9951,0.329,0.66,1.08,6
0.79,0.29,0.49,0.22,0.096,0.21,0.059,0.99714,0.331,0.67,1.01,6
0.71,0.69,0.08,0.21,0.063,0.42,0.052,0.99608,0.342,0.6,1.02,6
0.66,0.44,0.09,0.22,0.063,0.09,0.018,0.99444,0.342,0.69,1.13,6
0.61,0.705,0.1,0.28,0.081,0.13,0.028,0.99631,0.36,0.66,1.02,5
0.72,0.53,0.13,0.2,0.058,0.18,0.022,0.99573,0.321,0.68,0.99,6
0.8,0.39,0.3,0.19,0.074,0.32,0.084,0.99717,0.339,0.61,0.9,5
0.66,0.56,0.14,0.24,0.064,0.13,0.029,0.99397,0.342,0.62,1.17,7
0.7,0.55,0.13,0.22,0.075,0.15,0.035,0.9959,0.336,0.59,0.97,6
0.61,0.53,0.08,0.19,0.077,0.24,0.045,0.99528,0.36,0.68,1.03,6
0.54,0.58,0.08,0.19,0.059,0.2,0.031,0.99484,0.35,0.64,1.02,6
0.62,0.64,0.09,0.25,0.081,0.15,0.026,0.99538,0.357,0.63,1.2,5
0.72,0.39,0.32,0.18,0.065,0.34,0.06,0.99714,0.346,0.78,0.99,5
0.62,0.52,0.08,0.44,0.071,0.11,0.032,0.99646,0.356,0.63,1.16,6
0.74,0.25,0.29,0.22,0.054,0.19,0.049,0.99666,0.34,0.76,1.09,7
0.67,0.855,0.02,0.19,0.064,0.29,0.038,0.99472,0.33,0.56,1.075,6
1.11,0.44,0.42,0.22,0.064,0.14,0.019,0.99758,0.325,0.57,1.04,6
0.84,0.37,0.43,0.23,0.063,0.12,0.019,0.9955,0.317,0.81,1.12,7
0.65,0.63,0.33,0.18,0.059,0.16,0.028,0.99531,0.336,0.64,1.01,6
0.7,0.57,0.02,0.2,0.072,0.17,0.026,0.99575,0.336,0.61,1.02,5
0.63,0.6,0.1,0.16,0.048,0.12,0.026,0.99306,0.355,0.51,1.21,5
1.12,0.4,0.5,0.2,0.099,0.19,0.05,0.99783,0.31,0.58,1.04,5
0.74,0.36,0.3,0.18,0.074,0.17,0.024,0.99419,0.324,0.7,1.14,8
0.71,0.68,0,0.23,0.087,0.17,0.026,0.99783,0.345,0.53,0.95,5
0.71,0.67,0,0.23,0.083,0.18,0.027,0.99768,0.344,0.54,0.94,5
0.63,0.68,0.01,0.37,0.103,0.32,0.054,0.99586,0.351,0.66,1.13,6
0.73,0.735,0,0.22,0.08,0.18,0.028,0.99765,0.341,0.6,0.94,5
0.66,0.855,0.02,0.24,0.062,0.15,0.023,0.99627,0.354,0.6,1.1,6
0.7,0.56,0.17,0.17,0.065,0.15,0.024,0.99514,0.344,0.68,1.055,7
0.66,0.88,0.04,0.22,0.066,0.12,0.02,0.99636,0.353,0.56,0.99,5
0.66,0.855,0.02,0.24,0.062,0.15,0.023,0.99627,0.354,0.6,1.1,6
0.69,0.63,0.33,0.67,0.235,0.66,0.115,0.99787,0.322,0.56,0.95,5
0.78,0.6,0.26,0.2,0.08,0.31,0.131,0.99622,0.321,0.52,0.99,5
0.78,0.6,0.26,0.2,0.08,0.31,0.131,0.99622,0.321,0.52,0.99,5
0.78,0.6,0.26,0.2,0.08,0.31,0.131,0.99622,0.321,0.52,0.99,5
0.72,0.695,0.13,0.2,0.076,0.12,0.02,0.99546,0.329,0.54,1.01,5
0.72,0.695,0.13,0.2,0.076,0.12,0.02,0.99546,0.329,0.54,1.01,5
0.72,0.695,0.13,0.2,0.076,0.12,0.02,0.99546,0.329,0.54,1.01,5
0.67,0.67,0.02,0.19,0.061,0.26,0.042,0.99489,0.339,0.82,1.09,6
0.67,0.16,0.64,0.21,0.059,0.24,0.052,0.99494,0.334,0.71,1.12,6
0.72,0.695,0.13,0.2,0.076,0.12,0.02,0.99546,0.329,0.54,1.01,5
0.7,0.56,0.13,0.16,0.077,0.25,0.042,0.99629,0.334,0.59,0.92,5
0.62,0.51,0.14,0.19,0.056,0.15,0.034,0.99396,0.348,0.57,1.15,6
0.64,0.36,0.53,0.22,0.23,0.19,0.035,0.9934,0.337,0.93,1.24,6
0.64,0.38,0.14,0.22,0.038,0.15,0.025,0.99514,0.344,0.65,1.11,6
0.73,0.69,0.32,0.22,0.069,0.35,0.104,0.99632,0.333,0.51,0.95,5
0.6,0.58,0.2,0.24,0.075,0.15,0.05,0.99467,0.358,0.67,1.25,6
0.56,0.31,0.78,1.39,0.074,0.23,0.092,0.99677,0.339,0.48,1.05,6
0.75,0.52,0.4,0.22,0.06,0.12,0.02,0.99474,0.326,0.64,1.18,6
0.8,0.3,0.63,0.16,0.081,0.16,0.029,0.99588,0.33,0.78,1.08,6
0.62,0.7,0.15,0.51,0.076,0.13,0.027,0.99622,0.354,0.6,1.19,6
0.68,0.67,0.15,0.18,0.118,0.13,0.02,0.9954,0.342,0.67,1.13,6
0.62,0.56,0.09,0.17,0.053,0.24,0.032,0.99402,0.354,0.6,1.13,5
0.74,0.35,0.33,0.24,0.068,0.09,0.026,0.9947,0.336,0.6,1.19,6
0.62,0.56,0.09,0.17,0.053,0.24,0.032,0.99402,0.354,0.6,1.13,5
0.61,0.715,0.1,0.26,0.053,0.13,0.027,0.99362,0.357,0.5,1.19,5
0.62,0.46,0.29,0.21,0.074,0.32,0.098,0.99578,0.333,0.62,0.98,5
0.67,0.32,0.44,0.24,0.061,0.24,0.034,0.99484,0.329,0.8,1.16,7
0.72,0.39,0.44,0.26,0.066,0.22,0.048,0.99494,0.33,0.84,1.15,6
0.75,0.31,0.41,0.24,0.065,0.34,0.06,0.99492,0.334,0.85,1.14,6
0.58,0.61,0.11,0.18,0.066,0.18,0.028,0.99483,0.355,0.66,1.09,6
0.72,0.66,0.33,0.25,0.068,0.34,0.102,0.99414,0.327,0.78,1.28,6
0.66,0.725,0.2,0.78,0.073,0.29,0.079,0.9977,0.329,0.54,0.92,5
0.63,0.55,0.15,0.18,0.077,0.26,0.035,0.99314,0.332,0.82,1.16,6
0.54,0.74,0.09,0.17,0.089,0.16,0.026,0.99402,0.367,0.56,1.16,6
0.63,0.51,0.13,0.23,0.076,0.29,0.04,0.99574,0.342,0.75,1.1,6
0.68,0.62,0.08,0.19,0.068,0.28,0.038,0.99651,0.342,0.82,0.95,6
0.62,0.6,0.08,0.2,0.09,0.32,0.044,0.9949,0.345,0.58,1.05,5
0.59,0.55,0.1,0.22,0.062,0.39,0.051,0.99512,0.352,0.76,1.12,6
0.63,0.51,0.13,0.23,0.076,0.29,0.04,0.99574,0.342,0.75,1.1,6
0.59,0.645,0.12,0.2,0.075,0.32,0.044,0.99547,0.357,0.71,1.02,5
0.6,0.31,0.47,0.36,0.067,0.18,0.042,0.99549,0.339,0.66,1.1,6
